Country Name,Sex,Year,Poverty Rate
Albania,Total,2010,0.2
Albania,Male,2010,0.2
Albania,Female,2010,0.2
Albania,Total,2011,0.2
Albania,Male,2011,0.2
Albania,Female,2011,0.3
Albania,Total,2012,0.4
Albania,Male,2012,0.3
Albania,Female,2012,0.5
Albania,Total,2013,0.4
Albania,Male,2013,0.3
Albania,Female,2013,0.5
Albania,Total,2014,0.5
Albania,Male,2014,0.4
Albania,Female,2014,0.7
Albania,Total,2015,0.3
Albania,Male,2015,0.3
Albania,Female,2015,0.4
Albania,Total,2016,0.3
Albania,Male,2016,0.2
Albania,Female,2016,0.3
Albania,Total,2017,0.4
Albania,Male,2017,0.4
Albania,Female,2017,0.5
Albania,Total,2018,0.4
Albania,Male,2018,0.3
Albania,Female,2018,0.4
Albania,Total,2019,0.3
Albania,Male,2019,0.3
Albania,Female,2019,0.3
Albania,Total,2020,0.3
Albania,Total,2021,0.0
Algeria,Total,2010,0.2
Algeria,Male,2010,0.2
Algeria,Female,2010,0.1
Algeria,Total,2011,0.1
Algeria,Male,2011,0.2
Algeria,Female,2011,0.1
Algeria,Total,2012,0.1
Algeria,Male,2012,0.1
Algeria,Female,2012,0.1
Algeria,Total,2013,0.1
Algeria,Male,2013,0.1
Algeria,Female,2013,0.1
Algeria,Total,2014,0.1
Algeria,Male,2014,0.1
Algeria,Female,2014,0.1
Algeria,Total,2015,0.1
Algeria,Male,2015,0.1
Algeria,Female,2015,0.1
Algeria,Total,2016,0.1
Algeria,Male,2016,0.1
Algeria,Female,2016,0.1
Algeria,Total,2017,0.1
Algeria,Male,2017,0.1
Algeria,Female,2017,0.1
Algeria,Total,2018,0.1
Algeria,Male,2018,0.1
Algeria,Female,2018,0.1
Algeria,Total,2019,0.1
Algeria,Male,2019,0.1
Algeria,Female,2019,0.1
Algeria,Total,2020,0.1
Algeria,Total,2021,0.1
Angola,Total,2010,32.0
Angola,Male,2010,31.2
Angola,Female,2010,32.9
Angola,Total,2011,33.0
Angola,Male,2011,32.2
Angola,Female,2011,33.9
Angola,Total,2012,32.8
Angola,Male,2012,31.9
Angola,Female,2012,33.7
Angola,Total,2013,33.3
Angola,Male,2013,32.4
Angola,Female,2013,34.2
Angola,Total,2014,34.0
Angola,Male,2014,33.0
Angola,Female,2014,35.0
Angola,Total,2015,36.1
Angola,Male,2015,35.1
Angola,Female,2015,37.2
Angola,Total,2016,38.4
Angola,Male,2016,37.2
Angola,Female,2016,39.5
Angola,Total,2017,41.3
Angola,Male,2017,40.0
Angola,Female,2017,42.5
Angola,Total,2018,45.3
Angola,Male,2018,43.9
Angola,Female,2018,46.6
Angola,Total,2019,47.6
Angola,Male,2019,46.2
Angola,Female,2019,49.0
Angola,Total,2020,51.0
Angola,Total,2021,51.9
Argentina,Total,2010,0.4
Argentina,Male,2010,0.4
Argentina,Female,2010,0.5
Argentina,Total,2011,0.4
Argentina,Male,2011,0.4
Argentina,Female,2011,0.4
Argentina,Total,2012,0.4
Argentina,Male,2012,0.4
Argentina,Female,2012,0.4
Argentina,Total,2013,0.3
Argentina,Male,2013,0.3
Argentina,Female,2013,0.3
Argentina,Total,2014,0.3
Argentina,Male,2014,0.3
Argentina,Female,2014,0.3
Argentina,Total,2015,0.3
Argentina,Male,2015,0.3
Argentina,Female,2015,0.3
Argentina,Total,2016,0.3
Argentina,Male,2016,0.3
Argentina,Female,2016,0.4
Argentina,Total,2017,0.3
Argentina,Male,2017,0.3
Argentina,Female,2017,0.3
Argentina,Total,2018,0.4
Argentina,Male,2018,0.4
Argentina,Female,2018,0.5
Argentina,Total,2019,0.5
Argentina,Male,2019,0.4
Argentina,Female,2019,0.5
Argentina,Total,2020,0.6
Argentina,Total,2021,0.5
Armenia,Total,2010,0.3
Armenia,Male,2010,0.3
Armenia,Female,2010,0.3
Armenia,Total,2011,0.4
Armenia,Male,2011,0.4
Armenia,Female,2011,0.3
Armenia,Total,2012,0.3
Armenia,Male,2012,0.3
Armenia,Female,2012,0.3
Armenia,Total,2013,1.6
Armenia,Male,2013,1.7
Armenia,Female,2013,1.5
Armenia,Total,2014,0.6
Armenia,Male,2014,0.6
Armenia,Female,2014,0.6
Armenia,Total,2015,0.4
Armenia,Male,2015,0.4
Armenia,Female,2015,0.4
Armenia,Total,2016,0.4
Armenia,Male,2016,0.3
Armenia,Female,2016,0.4
Armenia,Total,2017,0.3
Armenia,Male,2017,0.2
Armenia,Female,2017,0.3
Armenia,Total,2018,0.4
Armenia,Male,2018,0.4
Armenia,Female,2018,0.5
Armenia,Total,2019,0.3
Armenia,Male,2019,0.3
Armenia,Female,2019,0.4
Armenia,Total,2020,0.4
Armenia,Total,2021,0.4
Azerbaijan,Total,2010,0.1
Azerbaijan,Male,2010,0.2
Azerbaijan,Female,2010,0.1
Azerbaijan,Total,2011,0.1
Azerbaijan,Male,2011,0.1
Azerbaijan,Female,2011,0.1
Azerbaijan,Total,2012,0.1
Azerbaijan,Male,2012,0.1
Azerbaijan,Female,2012,0.1
Azerbaijan,Total,2013,0.1
Azerbaijan,Male,2013,0.1
Azerbaijan,Female,2013,0.1
Azerbaijan,Total,2014,0.1
Azerbaijan,Male,2014,0.1
Azerbaijan,Female,2014,0.1
Azerbaijan,Total,2015,0.1
Azerbaijan,Male,2015,0.1
Azerbaijan,Female,2015,0.1
Azerbaijan,Total,2016,0.1
Azerbaijan,Male,2016,0.1
Azerbaijan,Female,2016,0.1
Azerbaijan,Total,2017,0.1
Azerbaijan,Male,2017,0.1
Azerbaijan,Female,2017,0.1
Azerbaijan,Total,2018,0.1
Azerbaijan,Male,2018,0.1
Azerbaijan,Female,2018,0.1
Azerbaijan,Total,2019,0.1
Azerbaijan,Male,2019,0.1
Azerbaijan,Female,2019,0.1
Azerbaijan,Total,2020,0.1
Azerbaijan,Total,2021,0.1
Bangladesh,Total,2010,16.2
Bangladesh,Male,2010,15.3
Bangladesh,Female,2010,18.5
Bangladesh,Total,2011,15.1
Bangladesh,Male,2011,14.4
Bangladesh,Female,2011,17.3
Bangladesh,Total,2012,14.4
Bangladesh,Male,2012,13.7
Bangladesh,Female,2012,16.5
Bangladesh,Total,2013,13.7
Bangladesh,Male,2013,13.0
Bangladesh,Female,2013,15.5
Bangladesh,Total,2014,13.1
Bangladesh,Male,2014,12.5
Bangladesh,Female,2014,14.9
Bangladesh,Total,2015,12.2
Bangladesh,Male,2015,11.6
Bangladesh,Female,2015,13.8
Bangladesh,Total,2016,11.9
Bangladesh,Male,2016,11.3
Bangladesh,Female,2016,13.4
Bangladesh,Total,2017,9.5
Bangladesh,Male,2017,9.1
Bangladesh,Female,2017,10.6
Bangladesh,Total,2018,6.4
Bangladesh,Male,2018,6.0
Bangladesh,Female,2018,7.1
Bangladesh,Total,2019,5.6
Bangladesh,Male,2019,5.3
Bangladesh,Female,2019,6.2
Bangladesh,Total,2020,5.1
Bangladesh,Total,2021,4.0
Belarus,Total,2010,0.1
Belarus,Male,2010,0.1
Belarus,Female,2010,0.1
Belarus,Total,2011,0.1
Belarus,Male,2011,0.1
Belarus,Female,2011,0.1
Belarus,Total,2012,0.1
Belarus,Male,2012,0.1
Belarus,Female,2012,0.1
Belarus,Total,2013,0.1
Belarus,Male,2013,0.1
Belarus,Female,2013,0.1
Belarus,Total,2014,0.1
Belarus,Male,2014,0.1
Belarus,Female,2014,0.1
Belarus,Total,2015,0.1
Belarus,Male,2015,0.1
Belarus,Female,2015,0.1
Belarus,Total,2016,0.1
Belarus,Male,2016,0.1
Belarus,Female,2016,0.1
Belarus,Total,2017,0.1
Belarus,Male,2017,0.1
Belarus,Female,2017,0.1
Belarus,Total,2018,0.1
Belarus,Male,2018,0.1
Belarus,Female,2018,0.1
Belarus,Total,2019,0.1
Belarus,Male,2019,0.1
Belarus,Female,2019,0.1
Belarus,Total,2020,0.1
Belarus,Total,2021,0.1
Belize,Total,2010,9.8
Belize,Male,2010,10.8
Belize,Female,2010,7.9
Belize,Total,2011,9.8
Belize,Male,2011,10.7
Belize,Female,2011,8.0
Belize,Total,2012,9.8
Belize,Male,2012,10.7
Belize,Female,2012,8.1
Belize,Total,2013,9.0
Belize,Male,2013,9.8
Belize,Female,2013,7.4
Belize,Total,2014,9.0
Belize,Male,2014,10.0
Belize,Female,2014,7.1
Belize,Total,2015,9.1
Belize,Male,2015,9.9
Belize,Female,2015,7.6
Belize,Total,2016,8.9
Belize,Male,2016,9.8
Belize,Female,2016,7.4
Belize,Total,2017,10.1
Belize,Male,2017,11.0
Belize,Female,2017,8.5
Belize,Total,2018,10.4
Belize,Male,2018,11.3
Belize,Female,2018,8.8
Belize,Total,2019,10.8
Belize,Male,2019,11.7
Belize,Female,2019,9.3
Belize,Total,2020,13.4
Belize,Total,2021,13.4
Benin,Total,2010,47.6
Benin,Male,2010,55.6
Benin,Female,2010,39.4
Benin,Total,2011,47.1
Benin,Male,2011,56.4
Benin,Female,2011,37.7
Benin,Total,2012,47.5
Benin,Male,2012,56.7
Benin,Female,2012,38.0
Benin,Total,2013,46.5
Benin,Male,2013,55.7
Benin,Female,2013,37.0
Benin,Total,2014,43.7
Benin,Male,2014,52.9
Benin,Female,2014,34.3
Benin,Total,2015,44.4
Benin,Male,2015,53.6
Benin,Female,2015,35.0
Benin,Total,2016,44.2
Benin,Male,2016,53.4
Benin,Female,2016,34.8
Benin,Total,2017,42.6
Benin,Male,2017,51.7
Benin,Female,2017,33.1
Benin,Total,2018,40.5
Benin,Male,2018,49.7
Benin,Female,2018,31.1
Benin,Total,2019,38.2
Benin,Male,2019,47.3
Benin,Female,2019,28.9
Benin,Total,2020,38.5
Benin,Total,2021,37.3
Bhutan,Total,2010,3.3
Bhutan,Male,2010,3.1
Bhutan,Female,2010,3.6
Bhutan,Total,2011,3.3
Bhutan,Male,2011,3.0
Bhutan,Female,2011,3.6
Bhutan,Total,2012,2.6
Bhutan,Male,2012,2.4
Bhutan,Female,2012,2.8
Bhutan,Total,2013,2.0
Bhutan,Male,2013,1.9
Bhutan,Female,2013,2.3
Bhutan,Total,2014,2.1
Bhutan,Male,2014,1.9
Bhutan,Female,2014,2.4
Bhutan,Total,2015,2.1
Bhutan,Male,2015,1.9
Bhutan,Female,2015,2.4
Bhutan,Total,2016,1.9
Bhutan,Male,2016,1.7
Bhutan,Female,2016,2.2
Bhutan,Total,2017,1.8
Bhutan,Male,2017,1.7
Bhutan,Female,2017,2.1
Bhutan,Total,2018,0.9
Bhutan,Male,2018,0.8
Bhutan,Female,2018,1.0
Bhutan,Total,2019,0.8
Bhutan,Male,2019,0.7
Bhutan,Female,2019,0.9
Bhutan,Total,2020,0.8
Bhutan,Total,2021,0.8
Bolivia,Total,2010,8.2
Bolivia,Male,2010,7.7
Bolivia,Female,2010,8.8
Bolivia,Total,2011,6.5
Bolivia,Male,2011,5.9
Bolivia,Female,2011,7.3
Bolivia,Total,2012,7.3
Bolivia,Male,2012,6.8
Bolivia,Female,2012,8.0
Bolivia,Total,2013,6.6
Bolivia,Male,2013,6.0
Bolivia,Female,2013,7.3
Bolivia,Total,2014,5.9
Bolivia,Male,2014,5.5
Bolivia,Female,2014,6.4
Bolivia,Total,2015,6.1
Bolivia,Male,2015,5.7
Bolivia,Female,2015,6.6
Bolivia,Total,2016,7.7
Bolivia,Male,2016,6.8
Bolivia,Female,2016,9.0
Bolivia,Total,2017,7.0
Bolivia,Male,2017,6.0
Bolivia,Female,2017,8.2
Bolivia,Total,2018,5.8
Bolivia,Male,2018,4.9
Bolivia,Female,2018,6.9
Bolivia,Total,2019,3.8
Bolivia,Male,2019,3.4
Bolivia,Female,2019,4.4
Bolivia,Total,2020,4.6
Bolivia,Total,2021,4.4
Bosnia and Herzegovina,Total,2010,0.0
Bosnia and Herzegovina,Male,2010,0.0
Bosnia and Herzegovina,Female,2010,0.0
Bosnia and Herzegovina,Total,2011,0.0
Bosnia and Herzegovina,Male,2011,0.0
Bosnia and Herzegovina,Female,2011,0.0
Bosnia and Herzegovina,Total,2012,0.0
Bosnia and Herzegovina,Male,2012,0.0
Bosnia and Herzegovina,Female,2012,0.0
Bosnia and Herzegovina,Total,2013,0.0
Bosnia and Herzegovina,Male,2013,0.0
Bosnia and Herzegovina,Female,2013,0.0
Bosnia and Herzegovina,Total,2014,0.0
Bosnia and Herzegovina,Male,2014,0.0
Bosnia and Herzegovina,Female,2014,0.0
Bosnia and Herzegovina,Total,2015,0.0
Bosnia and Herzegovina,Male,2015,0.0
Bosnia and Herzegovina,Female,2015,0.0
Bosnia and Herzegovina,Total,2016,0.0
Bosnia and Herzegovina,Male,2016,0.0
Bosnia and Herzegovina,Female,2016,0.0
Bosnia and Herzegovina,Total,2017,0.0
Bosnia and Herzegovina,Male,2017,0.0
Bosnia and Herzegovina,Female,2017,0.0
Bosnia and Herzegovina,Total,2018,0.0
Bosnia and Herzegovina,Male,2018,0.0
Bosnia and Herzegovina,Female,2018,0.0
Bosnia and Herzegovina,Total,2019,0.0
Bosnia and Herzegovina,Male,2019,0.0
Bosnia and Herzegovina,Female,2019,0.0
Bosnia and Herzegovina,Total,2020,0.1
Bosnia and Herzegovina,Total,2021,0.1
Botswana,Total,2010,11.5
Botswana,Male,2010,10.8
Botswana,Female,2010,12.4
Botswana,Total,2011,11.0
Botswana,Male,2011,10.3
Botswana,Female,2011,11.8
Botswana,Total,2012,10.8
Botswana,Male,2012,10.1
Botswana,Female,2012,11.6
Botswana,Total,2013,8.8
Botswana,Male,2013,8.3
Botswana,Female,2013,9.4
Botswana,Total,2014,8.4
Botswana,Male,2014,7.9
Botswana,Female,2014,8.9
Botswana,Total,2015,10.0
Botswana,Male,2015,9.4
Botswana,Female,2015,10.6
Botswana,Total,2016,9.7
Botswana,Male,2016,9.1
Botswana,Female,2016,10.2
Botswana,Total,2017,9.3
Botswana,Male,2017,8.8
Botswana,Female,2017,9.8
Botswana,Total,2018,8.8
Botswana,Male,2018,8.4
Botswana,Female,2018,9.3
Botswana,Total,2019,8.5
Botswana,Male,2019,8.1
Botswana,Female,2019,9.0
Botswana,Total,2020,11.1
Botswana,Total,2021,9.6
Brazil,Total,2010,2.3
Brazil,Male,2010,2.4
Brazil,Female,2010,2.2
Brazil,Total,2011,2.1
Brazil,Male,2011,2.2
Brazil,Female,2011,1.9
Brazil,Total,2012,1.5
Brazil,Male,2012,1.6
Brazil,Female,2012,1.4
Brazil,Total,2013,0.9
Brazil,Male,2013,1.0
Brazil,Female,2013,0.9
Brazil,Total,2014,0.8
Brazil,Male,2014,0.9
Brazil,Female,2014,0.8
Brazil,Total,2015,1.0
Brazil,Male,2015,1.0
Brazil,Female,2015,0.9
Brazil,Total,2016,1.3
Brazil,Male,2016,1.3
Brazil,Female,2016,1.3
Brazil,Total,2017,1.7
Brazil,Male,2017,1.7
Brazil,Female,2017,1.8
Brazil,Total,2018,1.8
Brazil,Male,2018,1.7
Brazil,Female,2018,1.8
Brazil,Total,2019,2.0
Brazil,Male,2019,1.9
Brazil,Female,2019,2.1
Brazil,Total,2020,2.1
Brazil,Total,2021,1.8
Burkina Faso,Total,2010,50.0
Burkina Faso,Male,2010,47.6
Burkina Faso,Female,2010,53.2
Burkina Faso,Total,2011,47.5
Burkina Faso,Male,2011,45.0
Burkina Faso,Female,2011,50.8
Burkina Faso,Total,2012,44.9
Burkina Faso,Male,2012,42.3
Burkina Faso,Female,2012,48.2
Burkina Faso,Total,2013,42.5
Burkina Faso,Male,2013,39.9
Burkina Faso,Female,2013,45.7
Burkina Faso,Total,2014,40.6
Burkina Faso,Male,2014,38.1
Burkina Faso,Female,2014,43.7
Burkina Faso,Total,2015,39.8
Burkina Faso,Male,2015,37.3
Burkina Faso,Female,2015,42.9
Burkina Faso,Total,2016,37.6
Burkina Faso,Male,2016,35.1
Burkina Faso,Female,2016,40.6
Burkina Faso,Total,2017,35.2
Burkina Faso,Male,2017,32.8
Burkina Faso,Female,2017,38.1
Burkina Faso,Total,2018,32.3
Burkina Faso,Male,2018,30.0
Burkina Faso,Female,2018,35.1
Burkina Faso,Total,2019,29.9
Burkina Faso,Male,2019,27.7
Burkina Faso,Female,2019,32.5
Burkina Faso,Total,2020,31.5
Burkina Faso,Total,2021,31.2
Burundi,Total,2010,73.7
Burundi,Male,2010,72.7
Burundi,Female,2010,74.6
Burundi,Total,2011,73.1
Burundi,Male,2011,72.1
Burundi,Female,2011,74.1
Burundi,Total,2012,72.4
Burundi,Male,2012,71.3
Burundi,Female,2012,73.5
Burundi,Total,2013,71.0
Burundi,Male,2013,69.7
Burundi,Female,2013,72.2
Burundi,Total,2014,70.2
Burundi,Male,2014,68.9
Burundi,Female,2014,71.5
Burundi,Total,2015,73.5
Burundi,Male,2015,72.2
Burundi,Female,2015,74.7
Burundi,Total,2016,75.4
Burundi,Male,2016,74.2
Burundi,Female,2016,76.6
Burundi,Total,2017,76.6
Burundi,Male,2017,75.4
Burundi,Female,2017,77.7
Burundi,Total,2018,77.4
Burundi,Male,2018,76.2
Burundi,Female,2018,78.5
Burundi,Total,2019,78.0
Burundi,Male,2019,76.9
Burundi,Female,2019,79.1
Burundi,Total,2020,79.1
Burundi,Total,2021,79.4
Cambodia,Total,2010,35.9
Cambodia,Male,2010,36.3
Cambodia,Female,2010,35.5
Cambodia,Total,2011,35.9
Cambodia,Male,2011,36.4
Cambodia,Female,2011,35.4
Cambodia,Total,2012,30.8
Cambodia,Male,2012,31.1
Cambodia,Female,2012,30.5
Cambodia,Total,2013,25.6
Cambodia,Male,2013,25.7
Cambodia,Female,2013,25.5
Cambodia,Total,2014,21.8
Cambodia,Male,2014,22.0
Cambodia,Female,2014,21.6
Cambodia,Total,2015,18.2
Cambodia,Male,2015,18.4
Cambodia,Female,2015,18.1
Cambodia,Total,2016,15.0
Cambodia,Male,2016,15.3
Cambodia,Female,2016,14.6
Cambodia,Total,2017,13.9
Cambodia,Male,2017,14.4
Cambodia,Female,2017,13.3
Cambodia,Total,2018,11.8
Cambodia,Male,2018,12.3
Cambodia,Female,2018,11.3
Cambodia,Total,2019,10.1
Cambodia,Male,2019,10.5
Cambodia,Female,2019,9.6
Cambodia,Total,2020,9.3
Cambodia,Total,2021,9.2
Cameroon,Total,2010,29.2
Cameroon,Male,2010,26.3
Cameroon,Female,2010,32.5
Cameroon,Total,2011,28.0
Cameroon,Male,2011,25.2
Cameroon,Female,2011,31.3
Cameroon,Total,2012,26.8
Cameroon,Male,2012,24.0
Cameroon,Female,2012,30.0
Cameroon,Total,2013,24.8
Cameroon,Male,2013,22.1
Cameroon,Female,2013,27.9
Cameroon,Total,2014,22.8
Cameroon,Male,2014,20.2
Cameroon,Female,2014,25.8
Cameroon,Total,2015,21.9
Cameroon,Male,2015,19.4
Cameroon,Female,2015,24.7
Cameroon,Total,2016,20.9
Cameroon,Male,2016,18.5
Cameroon,Female,2016,23.7
Cameroon,Total,2017,20.6
Cameroon,Male,2017,18.2
Cameroon,Female,2017,23.3
Cameroon,Total,2018,20.0
Cameroon,Male,2018,17.7
Cameroon,Female,2018,22.7
Cameroon,Total,2019,19.7
Cameroon,Male,2019,17.4
Cameroon,Female,2019,22.2
Cameroon,Total,2020,21.0
Cameroon,Total,2021,21.3
Cape Verde,Total,2010,3.8
Cape Verde,Male,2010,3.9
Cape Verde,Female,2010,3.6
Cape Verde,Total,2011,3.4
Cape Verde,Male,2011,3.5
Cape Verde,Female,2011,3.2
Cape Verde,Total,2012,3.0
Cape Verde,Male,2012,3.1
Cape Verde,Female,2012,2.8
Cape Verde,Total,2013,2.7
Cape Verde,Male,2013,2.8
Cape Verde,Female,2013,2.5
Cape Verde,Total,2014,2.3
Cape Verde,Male,2014,2.4
Cape Verde,Female,2014,2.1
Cape Verde,Total,2015,1.8
Cape Verde,Male,2015,1.9
Cape Verde,Female,2015,1.7
Cape Verde,Total,2016,1.4
Cape Verde,Male,2016,1.5
Cape Verde,Female,2016,1.3
Cape Verde,Total,2017,1.1
Cape Verde,Male,2017,1.2
Cape Verde,Female,2017,1.0
Cape Verde,Total,2018,0.8
Cape Verde,Male,2018,0.8
Cape Verde,Female,2018,0.7
Cape Verde,Total,2019,0.7
Cape Verde,Male,2019,0.7
Cape Verde,Female,2019,0.6
Cape Verde,Total,2020,1.1
Cape Verde,Total,2021,0.4
Central African Republic,Total,2010,60.8
Central African Republic,Male,2010,59.5
Central African Republic,Female,2010,62.4
Central African Republic,Total,2011,59.3
Central African Republic,Male,2011,58.0
Central African Republic,Female,2011,61.0
Central African Republic,Total,2012,57.0
Central African Republic,Male,2012,55.6
Central African Republic,Female,2012,58.7
Central African Republic,Total,2013,62.4
Central African Republic,Male,2013,61.1
Central African Republic,Female,2013,63.9
Central African Republic,Total,2014,62.7
Central African Republic,Male,2014,61.5
Central African Republic,Female,2014,64.3
Central African Republic,Total,2015,62.6
Central African Republic,Male,2015,61.4
Central African Republic,Female,2015,64.1
Central African Republic,Total,2016,62.6
Central African Republic,Male,2016,61.3
Central African Republic,Female,2016,64.1
Central African Republic,Total,2017,62.5
Central African Republic,Male,2017,61.3
Central African Republic,Female,2017,64.0
Central African Republic,Total,2018,62.5
Central African Republic,Male,2018,61.3
Central African Republic,Female,2018,64.0
Central African Republic,Total,2019,62.6
Central African Republic,Male,2019,61.3
Central African Republic,Female,2019,64.1
Central African Republic,Total,2020,62.6
Central African Republic,Total,2021,63.5
Chad,Total,2010,35.2
Chad,Male,2010,33.5
Chad,Female,2010,37.5
Chad,Total,2011,36.5
Chad,Male,2011,34.8
Chad,Female,2011,38.9
Chad,Total,2012,34.2
Chad,Male,2012,32.5
Chad,Female,2012,36.5
Chad,Total,2013,33.5
Chad,Male,2013,31.8
Chad,Female,2013,35.9
Chad,Total,2014,32.4
Chad,Male,2014,30.7
Chad,Female,2014,34.9
Chad,Total,2015,32.6
Chad,Male,2015,30.9
Chad,Female,2015,35.1
Chad,Total,2016,36.7
Chad,Male,2016,34.9
Chad,Female,2016,39.2
Chad,Total,2017,39.8
Chad,Male,2017,38.0
Chad,Female,2017,42.3
Chad,Total,2018,40.1
Chad,Male,2018,38.4
Chad,Female,2018,42.6
Chad,Total,2019,40.0
Chad,Male,2019,38.3
Chad,Female,2019,42.5
Chad,Total,2020,41.9
Chad,Total,2021,42.7
Chile,Total,2010,0.3
Chile,Male,2010,0.3
Chile,Female,2010,0.3
Chile,Total,2011,0.2
Chile,Male,2011,0.2
Chile,Female,2011,0.2
Chile,Total,2012,0.1
Chile,Male,2012,0.1
Chile,Female,2012,0.2
Chile,Total,2013,0.1
Chile,Male,2013,0.1
Chile,Female,2013,0.1
Chile,Total,2014,0.1
Chile,Male,2014,0.1
Chile,Female,2014,0.1
Chile,Total,2015,0.1
Chile,Male,2015,0.1
Chile,Female,2015,0.1
Chile,Total,2016,0.1
Chile,Male,2016,0.1
Chile,Female,2016,0.1
Chile,Total,2017,0.1
Chile,Male,2017,0.1
Chile,Female,2017,0.1
Chile,Total,2018,0.1
Chile,Male,2018,0.1
Chile,Female,2018,0.1
Chile,Total,2019,0.1
Chile,Male,2019,0.1
Chile,Female,2019,0.1
Chile,Total,2020,0.1
Chile,Total,2021,0.1
China,Total,2010,13.1
China,Male,2010,12.9
China,Female,2010,13.3
China,Total,2011,9.4
China,Male,2011,9.3
China,Female,2011,9.4
China,Total,2012,7.7
China,Male,2012,7.6
China,Female,2012,7.7
China,Total,2013,2.2
China,Male,2013,2.2
China,Female,2013,2.2
China,Total,2014,1.6
China,Male,2014,1.6
China,Female,2014,1.6
China,Total,2015,0.9
China,Male,2015,0.9
China,Female,2015,0.8
China,Total,2016,0.6
China,Male,2016,0.6
China,Female,2016,0.6
China,Total,2017,0.4
China,Male,2017,0.4
China,Female,2017,0.4
China,Total,2018,0.3
China,Male,2018,0.3
China,Female,2018,0.3
China,Total,2019,0.2
China,Male,2019,0.2
China,Female,2019,0.2
China,Total,2020,0.2
China,Total,2021,0.2
Colombia,Total,2010,5.1
Colombia,Male,2010,5.4
Colombia,Female,2010,4.7
Colombia,Total,2011,4.0
Colombia,Male,2011,4.1
Colombia,Female,2011,3.8
Colombia,Total,2012,2.6
Colombia,Male,2012,2.6
Colombia,Female,2012,2.7
Colombia,Total,2013,3.5
Colombia,Male,2013,3.4
Colombia,Female,2013,3.5
Colombia,Total,2014,2.9
Colombia,Male,2014,3.0
Colombia,Female,2014,2.9
Colombia,Total,2015,2.6
Colombia,Male,2015,2.7
Colombia,Female,2015,2.5
Colombia,Total,2016,2.5
Colombia,Male,2016,2.6
Colombia,Female,2016,2.4
Colombia,Total,2017,2.4
Colombia,Male,2017,2.5
Colombia,Female,2017,2.2
Colombia,Total,2018,2.3
Colombia,Male,2018,2.4
Colombia,Female,2018,2.1
Colombia,Total,2019,2.7
Colombia,Male,2019,2.8
Colombia,Female,2019,2.6
Colombia,Total,2020,3.0
Colombia,Total,2021,2.4
Comoros,Total,2010,14.1
Comoros,Male,2010,12.8
Comoros,Female,2010,16.3
Comoros,Total,2011,14.1
Comoros,Male,2011,12.8
Comoros,Female,2011,16.4
Comoros,Total,2012,14.4
Comoros,Male,2012,13.0
Comoros,Female,2012,16.7
Comoros,Total,2013,14.1
Comoros,Male,2013,12.8
Comoros,Female,2013,16.5
Comoros,Total,2014,14.7
Comoros,Male,2014,13.3
Comoros,Female,2014,17.2
Comoros,Total,2015,15.1
Comoros,Male,2015,13.7
Comoros,Female,2015,17.6
Comoros,Total,2016,14.8
Comoros,Male,2016,13.4
Comoros,Female,2016,17.3
Comoros,Total,2017,14.3
Comoros,Male,2017,12.9
Comoros,Female,2017,16.7
Comoros,Total,2018,13.8
Comoros,Male,2018,12.5
Comoros,Female,2018,16.2
Comoros,Total,2019,14.0
Comoros,Male,2019,12.7
Comoros,Female,2019,16.3
Comoros,Total,2020,14.7
Comoros,Total,2021,15.2
Congo,Total,2010,39.5
Congo,Male,2010,36.0
Congo,Female,2010,43.1
Congo,Total,2011,38.0
Congo,Male,2011,34.6
Congo,Female,2011,41.6
Congo,Total,2012,35.3
Congo,Male,2012,31.9
Congo,Female,2012,38.8
Congo,Total,2013,36.6
Congo,Male,2013,33.2
Congo,Female,2013,40.2
Congo,Total,2014,35.3
Congo,Male,2014,31.9
Congo,Female,2014,38.9
Congo,Total,2015,37.8
Congo,Male,2015,34.4
Congo,Female,2015,41.4
Congo,Total,2016,43.1
Congo,Male,2016,39.7
Congo,Female,2016,46.8
Congo,Total,2017,46.7
Congo,Male,2017,43.3
Congo,Female,2017,50.3
Congo,Total,2018,51.3
Congo,Male,2018,47.9
Congo,Female,2018,54.9
Congo,Total,2019,54.0
Congo,Male,2019,50.7
Congo,Female,2019,57.5
Congo,Total,2020,58.1
Congo,Total,2021,59.3
"Congo, Democratic Republic of the",Total,2010,84.3
"Congo, Democratic Republic of the",Male,2010,83.5
"Congo, Democratic Republic of the",Female,2010,85.2
"Congo, Democratic Republic of the",Total,2011,80.6
"Congo, Democratic Republic of the",Male,2011,79.7
"Congo, Democratic Republic of the",Female,2011,81.6
"Congo, Democratic Republic of the",Total,2012,76.7
"Congo, Democratic Republic of the",Male,2012,75.6
"Congo, Democratic Republic of the",Female,2012,77.8
"Congo, Democratic Republic of the",Total,2013,73.0
"Congo, Democratic Republic of the",Male,2013,71.8
"Congo, Democratic Republic of the",Female,2013,74.2
"Congo, Democratic Republic of the",Total,2014,70.4
"Congo, Democratic Republic of the",Male,2014,69.2
"Congo, Democratic Republic of the",Female,2014,71.7
"Congo, Democratic Republic of the",Total,2015,69.0
"Congo, Democratic Republic of the",Male,2015,67.8
"Congo, Democratic Republic of the",Female,2015,70.4
"Congo, Democratic Republic of the",Total,2016,69.4
"Congo, Democratic Republic of the",Male,2016,68.2
"Congo, Democratic Republic of the",Female,2016,70.8
"Congo, Democratic Republic of the",Total,2017,69.2
"Congo, Democratic Republic of the",Male,2017,67.9
"Congo, Democratic Republic of the",Female,2017,70.5
"Congo, Democratic Republic of the",Total,2018,68.0
"Congo, Democratic Republic of the",Male,2018,66.7
"Congo, Democratic Republic of the",Female,2018,69.4
"Congo, Democratic Republic of the",Total,2019,67.4
"Congo, Democratic Republic of the",Male,2019,66.1
"Congo, Democratic Republic of the",Female,2019,68.8
"Congo, Democratic Republic of the",Total,2020,68.6
"Congo, Democratic Republic of the",Total,2021,68.8
Costa Rica,Total,2010,0.5
Costa Rica,Male,2010,0.5
Costa Rica,Female,2010,0.4
Costa Rica,Total,2011,0.5
Costa Rica,Male,2011,0.6
Costa Rica,Female,2011,0.4
Costa Rica,Total,2012,0.6
Costa Rica,Male,2012,0.7
Costa Rica,Female,2012,0.4
Costa Rica,Total,2013,0.6
Costa Rica,Male,2013,0.7
Costa Rica,Female,2013,0.4
Costa Rica,Total,2014,0.5
Costa Rica,Male,2014,0.6
Costa Rica,Female,2014,0.3
Costa Rica,Total,2015,0.5
Costa Rica,Male,2015,0.6
Costa Rica,Female,2015,0.3
Costa Rica,Total,2016,0.4
Costa Rica,Male,2016,0.5
Costa Rica,Female,2016,0.2
Costa Rica,Total,2017,0.3
Costa Rica,Male,2017,0.4
Costa Rica,Female,2017,0.2
Costa Rica,Total,2018,0.5
Costa Rica,Male,2018,0.6
Costa Rica,Female,2018,0.3
Costa Rica,Total,2019,0.3
Costa Rica,Male,2019,0.4
Costa Rica,Female,2019,0.2
Costa Rica,Total,2020,0.3
Costa Rica,Total,2021,0.3
Côte d'Ivoire,Total,2010,31.6
Côte d'Ivoire,Male,2010,29.8
Côte d'Ivoire,Female,2010,34.6
Côte d'Ivoire,Total,2011,36.7
Côte d'Ivoire,Male,2011,34.9
Côte d'Ivoire,Female,2011,39.7
Côte d'Ivoire,Total,2012,33.7
Côte d'Ivoire,Male,2012,31.8
Côte d'Ivoire,Female,2012,36.6
Côte d'Ivoire,Total,2013,32.1
Côte d'Ivoire,Male,2013,30.2
Côte d'Ivoire,Female,2013,35.0
Côte d'Ivoire,Total,2014,30.1
Côte d'Ivoire,Male,2014,28.3
Côte d'Ivoire,Female,2014,32.9
Côte d'Ivoire,Total,2015,28.3
Côte d'Ivoire,Male,2015,26.6
Côte d'Ivoire,Female,2015,31.0
Côte d'Ivoire,Total,2016,26.3
Côte d'Ivoire,Male,2016,24.6
Côte d'Ivoire,Female,2016,28.8
Côte d'Ivoire,Total,2017,24.2
Côte d'Ivoire,Male,2017,22.6
Côte d'Ivoire,Female,2017,26.5
Côte d'Ivoire,Total,2018,22.5
Côte d'Ivoire,Male,2018,21.0
Côte d'Ivoire,Female,2018,24.8
Côte d'Ivoire,Total,2019,20.9
Côte d'Ivoire,Male,2019,19.4
Côte d'Ivoire,Female,2019,23.0
Côte d'Ivoire,Total,2020,21.0
Côte d'Ivoire,Total,2021,20.0
Dominican Republic,Total,2010,1.8
Dominican Republic,Male,2010,1.9
Dominican Republic,Female,2010,1.6
Dominican Republic,Total,2011,2.2
Dominican Republic,Male,2011,2.3
Dominican Republic,Female,2011,1.9
Dominican Republic,Total,2012,1.9
Dominican Republic,Male,2012,2.0
Dominican Republic,Female,2012,1.7
Dominican Republic,Total,2013,1.5
Dominican Republic,Male,2013,1.6
Dominican Republic,Female,2013,1.3
Dominican Republic,Total,2014,1.5
Dominican Republic,Male,2014,1.5
Dominican Republic,Female,2014,1.3
Dominican Republic,Total,2015,1.3
Dominican Republic,Male,2015,1.4
Dominican Republic,Female,2015,1.1
Dominican Republic,Total,2016,1.1
Dominican Republic,Male,2016,1.2
Dominican Republic,Female,2016,1.0
Dominican Republic,Total,2017,0.5
Dominican Republic,Male,2017,0.5
Dominican Republic,Female,2017,0.4
Dominican Republic,Total,2018,0.3
Dominican Republic,Male,2018,0.3
Dominican Republic,Female,2018,0.3
Dominican Republic,Total,2019,0.4
Dominican Republic,Male,2019,0.4
Dominican Republic,Female,2019,0.3
Dominican Republic,Total,2020,0.3
Dominican Republic,Total,2021,0.3
Ecuador,Total,2010,5.5
Ecuador,Male,2010,5.5
Ecuador,Female,2010,5.5
Ecuador,Total,2011,4.8
Ecuador,Male,2011,4.8
Ecuador,Female,2011,4.8
Ecuador,Total,2012,4.7
Ecuador,Male,2012,4.6
Ecuador,Female,2012,4.7
Ecuador,Total,2013,3.6
Ecuador,Male,2013,3.6
Ecuador,Female,2013,3.6
Ecuador,Total,2014,2.8
Ecuador,Male,2014,2.8
Ecuador,Female,2014,2.7
Ecuador,Total,2015,3.9
Ecuador,Male,2015,3.9
Ecuador,Female,2015,3.8
Ecuador,Total,2016,4.2
Ecuador,Male,2016,4.2
Ecuador,Female,2016,4.3
Ecuador,Total,2017,3.8
Ecuador,Male,2017,3.7
Ecuador,Female,2017,3.9
Ecuador,Total,2018,3.9
Ecuador,Male,2018,3.8
Ecuador,Female,2018,4.1
Ecuador,Total,2019,4.2
Ecuador,Male,2019,4.0
Ecuador,Female,2019,4.5
Ecuador,Total,2020,4.7
Ecuador,Total,2021,4.5
Egypt,Total,2010,1.8
Egypt,Male,2010,1.9
Egypt,Female,2010,1.3
Egypt,Total,2011,1.2
Egypt,Male,2011,1.3
Egypt,Female,2011,1.0
Egypt,Total,2012,0.8
Egypt,Male,2012,0.8
Egypt,Female,2012,0.7
Egypt,Total,2013,0.8
Egypt,Male,2013,0.8
Egypt,Female,2013,0.8
Egypt,Total,2014,0.8
Egypt,Male,2014,0.8
Egypt,Female,2014,0.8
Egypt,Total,2015,0.7
Egypt,Male,2015,0.7
Egypt,Female,2015,0.8
Egypt,Total,2016,1.0
Egypt,Male,2016,0.9
Egypt,Female,2016,1.1
Egypt,Total,2017,1.5
Egypt,Male,2017,1.4
Egypt,Female,2017,1.8
Egypt,Total,2018,2.1
Egypt,Male,2018,2.0
Egypt,Female,2018,2.4
Egypt,Total,2019,2.2
Egypt,Male,2019,2.2
Egypt,Female,2019,2.4
Egypt,Total,2020,1.9
Egypt,Total,2021,1.8
El Salvador,Total,2010,3.8
El Salvador,Male,2010,5.0
El Salvador,Female,2010,2.1
El Salvador,Total,2011,3.0
El Salvador,Male,2011,3.9
El Salvador,Female,2011,1.8
El Salvador,Total,2012,3.0
El Salvador,Male,2012,3.8
El Salvador,Female,2012,1.9
El Salvador,Total,2013,2.0
El Salvador,Male,2013,2.6
El Salvador,Female,2013,1.3
El Salvador,Total,2014,1.6
El Salvador,Male,2014,2.1
El Salvador,Female,2014,1.1
El Salvador,Total,2015,0.8
El Salvador,Male,2015,1.0
El Salvador,Female,2015,0.5
El Salvador,Total,2016,1.1
El Salvador,Male,2016,1.3
El Salvador,Female,2016,0.7
El Salvador,Total,2017,0.7
El Salvador,Male,2017,0.9
El Salvador,Female,2017,0.5
El Salvador,Total,2018,0.5
El Salvador,Male,2018,0.6
El Salvador,Female,2018,0.3
El Salvador,Total,2019,0.4
El Salvador,Male,2019,0.5
El Salvador,Female,2019,0.2
El Salvador,Total,2020,0.5
El Salvador,Total,2021,0.5
Eswatini,Total,2010,32.0
Eswatini,Male,2010,29.7
Eswatini,Female,2010,34.5
Eswatini,Total,2011,30.9
Eswatini,Male,2011,28.7
Eswatini,Female,2011,33.3
Eswatini,Total,2012,25.4
Eswatini,Male,2012,23.6
Eswatini,Female,2012,27.5
Eswatini,Total,2013,22.3
Eswatini,Male,2013,20.7
Eswatini,Female,2013,24.1
Eswatini,Total,2014,22.8
Eswatini,Male,2014,21.1
Eswatini,Female,2014,24.6
Eswatini,Total,2015,22.1
Eswatini,Male,2015,20.5
Eswatini,Female,2015,23.9
Eswatini,Total,2016,22.5
Eswatini,Male,2016,21.0
Eswatini,Female,2016,24.3
Eswatini,Total,2017,21.9
Eswatini,Male,2017,20.3
Eswatini,Female,2017,23.6
Eswatini,Total,2018,21.5
Eswatini,Male,2018,20.0
Eswatini,Female,2018,23.2
Eswatini,Total,2019,20.9
Eswatini,Male,2019,19.5
Eswatini,Female,2019,22.6
Eswatini,Total,2020,22.3
Eswatini,Total,2021,22.1
Ethiopia,Total,2010,35.2
Ethiopia,Male,2010,34.5
Ethiopia,Female,2010,36.0
Ethiopia,Total,2011,34.0
Ethiopia,Male,2011,33.3
Ethiopia,Female,2011,34.7
Ethiopia,Total,2012,33.5
Ethiopia,Male,2012,32.8
Ethiopia,Female,2012,34.2
Ethiopia,Total,2013,32.4
Ethiopia,Male,2013,31.8
Ethiopia,Female,2013,33.2
Ethiopia,Total,2014,31.4
Ethiopia,Male,2014,30.8
Ethiopia,Female,2014,32.2
Ethiopia,Total,2015,30.3
Ethiopia,Male,2015,29.7
Ethiopia,Female,2015,31.0
Ethiopia,Total,2016,28.1
Ethiopia,Male,2016,27.6
Ethiopia,Female,2016,28.7
Ethiopia,Total,2017,24.1
Ethiopia,Male,2017,23.7
Ethiopia,Female,2017,24.6
Ethiopia,Total,2018,21.9
Ethiopia,Male,2018,21.6
Ethiopia,Female,2018,22.3
Ethiopia,Total,2019,19.4
Ethiopia,Male,2019,19.2
Ethiopia,Female,2019,19.7
Ethiopia,Total,2020,18.9
Ethiopia,Total,2021,18.4
Fiji,Total,2010,0.5
Fiji,Male,2010,0.5
Fiji,Female,2010,0.6
Fiji,Total,2011,0.4
Fiji,Male,2011,0.4
Fiji,Female,2011,0.5
Fiji,Total,2012,0.3
Fiji,Male,2012,0.3
Fiji,Female,2012,0.3
Fiji,Total,2013,0.2
Fiji,Male,2013,0.2
Fiji,Female,2013,0.2
Fiji,Total,2014,0.1
Fiji,Male,2014,0.1
Fiji,Female,2014,0.1
Fiji,Total,2015,0.1
Fiji,Male,2015,0.1
Fiji,Female,2015,0.1
Fiji,Total,2016,0.1
Fiji,Male,2016,0.1
Fiji,Female,2016,0.1
Fiji,Total,2017,0.1
Fiji,Male,2017,0.1
Fiji,Female,2017,0.1
Fiji,Total,2018,0.1
Fiji,Male,2018,0.1
Fiji,Female,2018,0.1
Fiji,Total,2019,0.1
Fiji,Male,2019,0.1
Fiji,Female,2019,0.1
Fiji,Total,2020,0.2
Fiji,Total,2021,0.2
Gabon,Total,2010,4.7
Gabon,Male,2010,3.5
Gabon,Female,2010,6.9
Gabon,Total,2011,3.9
Gabon,Male,2011,2.9
Gabon,Female,2011,5.7
Gabon,Total,2012,3.3
Gabon,Male,2012,2.4
Gabon,Female,2012,4.9
Gabon,Total,2013,2.7
Gabon,Male,2013,2.0
Gabon,Female,2013,4.1
Gabon,Total,2014,2.4
Gabon,Male,2014,1.7
Gabon,Female,2014,3.5
Gabon,Total,2015,2.0
Gabon,Male,2015,1.4
Gabon,Female,2015,2.9
Gabon,Total,2016,1.6
Gabon,Male,2016,1.2
Gabon,Female,2016,2.4
Gabon,Total,2017,1.5
Gabon,Male,2017,1.0
Gabon,Female,2017,2.2
Gabon,Total,2018,1.6
Gabon,Male,2018,1.1
Gabon,Female,2018,2.3
Gabon,Total,2019,1.5
Gabon,Male,2019,1.1
Gabon,Female,2019,2.3
Gabon,Total,2020,1.6
Gabon,Total,2021,1.6
Gambia,Total,2010,22.0
Gambia,Male,2010,20.8
Gambia,Female,2010,23.7
Gambia,Total,2011,21.4
Gambia,Male,2011,20.2
Gambia,Female,2011,23.0
Gambia,Total,2012,19.5
Gambia,Male,2012,18.4
Gambia,Female,2012,21.0
Gambia,Total,2013,16.1
Gambia,Male,2013,15.3
Gambia,Female,2013,17.4
Gambia,Total,2014,13.9
Gambia,Male,2014,13.2
Gambia,Female,2014,15.0
Gambia,Total,2015,9.9
Gambia,Male,2015,9.4
Gambia,Female,2015,10.7
Gambia,Total,2016,9.1
Gambia,Male,2016,8.7
Gambia,Female,2016,9.8
Gambia,Total,2017,8.7
Gambia,Male,2017,8.3
Gambia,Female,2017,9.4
Gambia,Total,2018,7.8
Gambia,Male,2018,7.4
Gambia,Female,2018,8.4
Gambia,Total,2019,6.9
Gambia,Male,2019,6.5
Gambia,Female,2019,7.4
Gambia,Total,2020,7.3
Gambia,Total,2021,7.3
Georgia,Total,2010,10.1
Georgia,Male,2010,10.7
Georgia,Female,2010,9.4
Georgia,Total,2011,9.4
Georgia,Male,2011,10.4
Georgia,Female,2011,8.3
Georgia,Total,2012,7.1
Georgia,Male,2012,8.2
Georgia,Female,2012,5.9
Georgia,Total,2013,5.5
Georgia,Male,2013,6.2
Georgia,Female,2013,4.7
Georgia,Total,2014,4.2
Georgia,Male,2014,5.0
Georgia,Female,2014,3.3
Georgia,Total,2015,3.2
Georgia,Male,2015,3.9
Georgia,Female,2015,2.3
Georgia,Total,2016,3.2
Georgia,Male,2016,3.9
Georgia,Female,2016,2.4
Georgia,Total,2017,4.0
Georgia,Male,2017,4.9
Georgia,Female,2017,3.0
Georgia,Total,2018,3.4
Georgia,Male,2018,3.9
Georgia,Female,2018,2.9
Georgia,Total,2019,2.9
Georgia,Male,2019,3.3
Georgia,Female,2019,2.4
Georgia,Total,2020,3.0
Georgia,Total,2021,2.5
Ghana,Total,2010,14.7
Ghana,Male,2010,13.9
Ghana,Female,2010,15.7
Ghana,Total,2011,11.3
Ghana,Male,2011,10.7
Ghana,Female,2011,12.0
Ghana,Total,2012,9.5
Ghana,Male,2012,9.0
Ghana,Female,2012,10.1
Ghana,Total,2013,8.5
Ghana,Male,2013,8.0
Ghana,Female,2013,9.0
Ghana,Total,2014,8.9
Ghana,Male,2014,8.4
Ghana,Female,2014,9.4
Ghana,Total,2015,9.4
Ghana,Male,2015,8.9
Ghana,Female,2015,10.0
Ghana,Total,2016,9.8
Ghana,Male,2016,9.2
Ghana,Female,2016,10.4
Ghana,Total,2017,9.3
Ghana,Male,2017,8.8
Ghana,Female,2017,9.9
Ghana,Total,2018,8.6
Ghana,Male,2018,8.1
Ghana,Female,2018,9.1
Ghana,Total,2019,7.7
Ghana,Male,2019,7.3
Ghana,Female,2019,8.2
Ghana,Total,2020,7.8
Ghana,Total,2021,7.9
Guatemala,Total,2010,6.5
Guatemala,Male,2010,5.4
Guatemala,Female,2010,8.6
Guatemala,Total,2011,6.1
Guatemala,Male,2011,5.1
Guatemala,Female,2011,8.1
Guatemala,Total,2012,6.1
Guatemala,Male,2012,5.0
Guatemala,Female,2012,8.1
Guatemala,Total,2013,5.6
Guatemala,Male,2013,4.5
Guatemala,Female,2013,7.9
Guatemala,Total,2014,4.9
Guatemala,Male,2014,4.1
Guatemala,Female,2014,6.6
Guatemala,Total,2015,4.3
Guatemala,Male,2015,3.8
Guatemala,Female,2015,5.4
Guatemala,Total,2016,3.9
Guatemala,Male,2016,3.2
Guatemala,Female,2016,5.1
Guatemala,Total,2017,3.9
Guatemala,Male,2017,3.4
Guatemala,Female,2017,4.8
Guatemala,Total,2018,3.7
Guatemala,Male,2018,3.2
Guatemala,Female,2018,4.6
Guatemala,Total,2019,3.2
Guatemala,Male,2019,2.8
Guatemala,Female,2019,4.1
Guatemala,Total,2020,3.5
Guatemala,Total,2021,3.2
Guinea,Total,2010,56.1
Guinea,Male,2010,52.8
Guinea,Female,2010,58.9
Guinea,Total,2011,48.1
Guinea,Male,2011,45.0
Guinea,Female,2011,50.8
Guinea,Total,2012,39.3
Guinea,Male,2012,36.7
Guinea,Female,2012,41.6
Guinea,Total,2013,38.3
Guinea,Male,2013,35.8
Guinea,Female,2013,40.5
Guinea,Total,2014,37.5
Guinea,Male,2014,35.0
Guinea,Female,2014,39.7
Guinea,Total,2015,37.0
Guinea,Male,2015,34.5
Guinea,Female,2015,39.1
Guinea,Total,2016,32.2
Guinea,Male,2016,30.1
Guinea,Female,2016,34.0
Guinea,Total,2017,28.5
Guinea,Male,2017,26.7
Guinea,Female,2017,30.0
Guinea,Total,2018,26.7
Guinea,Male,2018,25.1
Guinea,Female,2018,28.1
Guinea,Total,2019,25.1
Guinea,Male,2019,23.6
Guinea,Female,2019,26.4
Guinea,Total,2020,24.2
Guinea,Total,2021,23.3
Guinea-Bissau,Total,2010,65.5
Guinea-Bissau,Male,2010,64.3
Guinea-Bissau,Female,2010,66.9
Guinea-Bissau,Total,2011,63.4
Guinea-Bissau,Male,2011,62.1
Guinea-Bissau,Female,2011,64.9
Guinea-Bissau,Total,2012,65.1
Guinea-Bissau,Male,2012,63.9
Guinea-Bissau,Female,2012,66.5
Guinea-Bissau,Total,2013,64.9
Guinea-Bissau,Male,2013,63.6
Guinea-Bissau,Female,2013,66.3
Guinea-Bissau,Total,2014,65.8
Guinea-Bissau,Male,2014,64.6
Guinea-Bissau,Female,2014,67.2
Guinea-Bissau,Total,2015,64.4
Guinea-Bissau,Male,2015,63.1
Guinea-Bissau,Female,2015,65.8
Guinea-Bissau,Total,2016,62.6
Guinea-Bissau,Male,2016,61.2
Guinea-Bissau,Female,2016,64.1
Guinea-Bissau,Total,2017,61.0
Guinea-Bissau,Male,2017,59.6
Guinea-Bissau,Female,2017,62.5
Guinea-Bissau,Total,2018,60.2
Guinea-Bissau,Male,2018,58.8
Guinea-Bissau,Female,2018,61.8
Guinea-Bissau,Total,2019,59.3
Guinea-Bissau,Male,2019,57.8
Guinea-Bissau,Female,2019,60.9
Guinea-Bissau,Total,2020,61.4
Guinea-Bissau,Total,2021,61.3
Guyana,Total,2010,5.7
Guyana,Male,2010,5.8
Guyana,Female,2010,5.6
Guyana,Total,2011,5.3
Guyana,Male,2011,5.3
Guyana,Female,2011,5.3
Guyana,Total,2012,4.6
Guyana,Male,2012,4.5
Guyana,Female,2012,4.7
Guyana,Total,2013,4.4
Guyana,Male,2013,4.2
Guyana,Female,2013,4.6
Guyana,Total,2014,4.3
Guyana,Male,2014,4.1
Guyana,Female,2014,4.7
Guyana,Total,2015,4.2
Guyana,Male,2015,3.9
Guyana,Female,2015,4.7
Guyana,Total,2016,3.8
Guyana,Male,2016,3.5
Guyana,Female,2016,4.3
Guyana,Total,2017,3.5
Guyana,Male,2017,3.2
Guyana,Female,2017,4.2
Guyana,Total,2018,3.4
Guyana,Male,2018,3.0
Guyana,Female,2018,4.1
Guyana,Total,2019,3.3
Guyana,Male,2019,2.8
Guyana,Female,2019,4.0
Guyana,Total,2020,1.8
Guyana,Total,2021,1.1
Haiti,Total,2010,23.3
Haiti,Male,2010,20.9
Haiti,Female,2010,26.0
Haiti,Total,2011,22.3
Haiti,Male,2011,20.0
Haiti,Female,2011,25.0
Haiti,Total,2012,21.8
Haiti,Male,2012,19.5
Haiti,Female,2012,24.6
Haiti,Total,2013,20.9
Haiti,Male,2013,18.5
Haiti,Female,2013,23.7
Haiti,Total,2014,21.1
Haiti,Male,2014,18.5
Haiti,Female,2014,24.0
Haiti,Total,2015,20.3
Haiti,Male,2015,17.7
Haiti,Female,2015,23.3
Haiti,Total,2016,19.2
Haiti,Male,2016,16.6
Haiti,Female,2016,22.2
Haiti,Total,2017,18.4
Haiti,Male,2017,15.7
Haiti,Female,2017,21.4
Haiti,Total,2018,17.6
Haiti,Male,2018,15.0
Haiti,Female,2018,20.6
Haiti,Total,2019,18.2
Haiti,Male,2019,15.4
Haiti,Female,2019,21.3
Haiti,Total,2020,19.6
Haiti,Total,2021,20.3
Honduras,Total,2010,12.2
Honduras,Male,2010,14.7
Honduras,Female,2010,7.6
Honduras,Total,2011,12.3
Honduras,Male,2011,14.7
Honduras,Female,2011,7.6
Honduras,Total,2012,15.2
Honduras,Male,2012,17.9
Honduras,Female,2012,9.7
Honduras,Total,2013,13.0
Honduras,Male,2013,15.6
Honduras,Female,2013,8.2
Honduras,Total,2014,11.8
Honduras,Male,2014,14.0
Honduras,Female,2014,7.8
Honduras,Total,2015,11.6
Honduras,Male,2015,13.8
Honduras,Female,2015,7.7
Honduras,Total,2016,12.4
Honduras,Male,2016,14.6
Honduras,Female,2016,8.6
Honduras,Total,2017,12.2
Honduras,Male,2017,14.7
Honduras,Female,2017,7.6
Honduras,Total,2018,12.6
Honduras,Male,2018,14.9
Honduras,Female,2018,8.6
Honduras,Total,2019,11.5
Honduras,Male,2019,13.7
Honduras,Female,2019,7.3
Honduras,Total,2020,13.3
Honduras,Total,2021,12.5
India,Total,2010,26.7
India,Male,2010,26.1
India,Female,2010,28.8
India,Total,2011,21.9
India,Male,2011,21.3
India,Female,2011,23.9
India,Total,2012,20.0
India,Male,2012,19.5
India,Female,2012,22.0
India,Total,2013,17.7
India,Male,2013,17.2
India,Female,2013,19.4
India,Total,2014,15.8
India,Male,2014,15.3
India,Female,2014,17.3
India,Total,2015,13.6
India,Male,2015,13.2
India,Female,2015,15.0
India,Total,2016,11.5
India,Male,2016,11.2
India,Female,2016,12.7
India,Total,2017,10.0
India,Male,2017,9.7
India,Female,2017,11.1
India,Total,2018,9.0
India,Male,2018,8.8
India,Female,2018,10.0
India,Total,2019,8.6
India,Male,2019,8.3
India,Female,2019,9.5
India,Total,2020,9.8
India,Total,2021,7.6
Indonesia,Total,2010,12.3
Indonesia,Male,2010,12.1
Indonesia,Female,2010,12.7
Indonesia,Total,2011,10.2
Indonesia,Male,2011,10.1
Indonesia,Female,2011,10.5
Indonesia,Total,2012,8.3
Indonesia,Male,2012,8.2
Indonesia,Female,2012,8.4
Indonesia,Total,2013,7.0
Indonesia,Male,2013,6.9
Indonesia,Female,2013,7.2
Indonesia,Total,2014,6.1
Indonesia,Male,2014,6.0
Indonesia,Female,2014,6.2
Indonesia,Total,2015,5.6
Indonesia,Male,2015,5.5
Indonesia,Female,2015,5.8
Indonesia,Total,2016,5.2
Indonesia,Male,2016,5.1
Indonesia,Female,2016,5.3
Indonesia,Total,2017,4.6
Indonesia,Male,2017,4.5
Indonesia,Female,2017,4.7
Indonesia,Total,2018,4.0
Indonesia,Male,2018,3.9
Indonesia,Female,2018,4.1
Indonesia,Total,2019,3.2
Indonesia,Male,2019,3.1
Indonesia,Female,2019,3.2
Indonesia,Total,2020,3.6
Indonesia,Total,2021,2.9
"Iran, Islamic Republic of",Total,2010,0.3
"Iran, Islamic Republic of",Male,2010,0.3
"Iran, Islamic Republic of",Female,2010,0.2
"Iran, Islamic Republic of",Total,2011,0.2
"Iran, Islamic Republic of",Male,2011,0.2
"Iran, Islamic Republic of",Female,2011,0.2
"Iran, Islamic Republic of",Total,2012,0.1
"Iran, Islamic Republic of",Male,2012,0.1
"Iran, Islamic Republic of",Female,2012,0.1
"Iran, Islamic Republic of",Total,2013,0.1
"Iran, Islamic Republic of",Male,2013,0.1
"Iran, Islamic Republic of",Female,2013,0.1
"Iran, Islamic Republic of",Total,2014,0.1
"Iran, Islamic Republic of",Male,2014,0.1
"Iran, Islamic Republic of",Female,2014,0.1
"Iran, Islamic Republic of",Total,2015,0.1
"Iran, Islamic Republic of",Male,2015,0.1
"Iran, Islamic Republic of",Female,2015,0.1
"Iran, Islamic Republic of",Total,2016,0.1
"Iran, Islamic Republic of",Male,2016,0.1
"Iran, Islamic Republic of",Female,2016,0.1
"Iran, Islamic Republic of",Total,2017,0.1
"Iran, Islamic Republic of",Male,2017,0.1
"Iran, Islamic Republic of",Female,2017,0.1
"Iran, Islamic Republic of",Total,2018,0.2
"Iran, Islamic Republic of",Male,2018,0.2
"Iran, Islamic Republic of",Female,2018,0.1
"Iran, Islamic Republic of",Total,2019,0.2
"Iran, Islamic Republic of",Male,2019,0.2
"Iran, Islamic Republic of",Female,2019,0.2
"Iran, Islamic Republic of",Total,2020,0.2
"Iran, Islamic Republic of",Total,2021,0.2
Iraq,Total,2010,0.5
Iraq,Male,2010,0.6
Iraq,Female,2010,0.3
Iraq,Total,2011,0.6
Iraq,Male,2011,0.6
Iraq,Female,2011,0.3
Iraq,Total,2012,0.5
Iraq,Male,2012,0.5
Iraq,Female,2012,0.3
Iraq,Total,2013,0.4
Iraq,Male,2013,0.4
Iraq,Female,2013,0.2
Iraq,Total,2014,0.5
Iraq,Male,2014,0.5
Iraq,Female,2014,0.3
Iraq,Total,2015,0.5
Iraq,Male,2015,0.6
Iraq,Female,2015,0.3
Iraq,Total,2016,0.3
Iraq,Male,2016,0.3
Iraq,Female,2016,0.2
Iraq,Total,2017,0.4
Iraq,Male,2017,0.4
Iraq,Female,2017,0.2
Iraq,Total,2018,0.4
Iraq,Male,2018,0.5
Iraq,Female,2018,0.2
Iraq,Total,2019,0.4
Iraq,Male,2019,0.4
Iraq,Female,2019,0.2
Iraq,Total,2020,0.7
Iraq,Total,2021,0.7
Jamaica,Total,2010,0.6
Jamaica,Male,2010,0.5
Jamaica,Female,2010,0.7
Jamaica,Total,2011,0.6
Jamaica,Male,2011,0.5
Jamaica,Female,2011,0.6
Jamaica,Total,2012,0.6
Jamaica,Male,2012,0.5
Jamaica,Female,2012,0.7
Jamaica,Total,2013,0.6
Jamaica,Male,2013,0.5
Jamaica,Female,2013,0.7
Jamaica,Total,2014,0.7
Jamaica,Male,2014,0.6
Jamaica,Female,2014,0.8
Jamaica,Total,2015,0.6
Jamaica,Male,2015,0.6
Jamaica,Female,2015,0.7
Jamaica,Total,2016,0.7
Jamaica,Male,2016,0.6
Jamaica,Female,2016,0.8
Jamaica,Total,2017,0.8
Jamaica,Male,2017,0.7
Jamaica,Female,2017,0.9
Jamaica,Total,2018,0.8
Jamaica,Male,2018,0.7
Jamaica,Female,2018,0.9
Jamaica,Total,2019,0.8
Jamaica,Male,2019,0.7
Jamaica,Female,2019,1.0
Jamaica,Total,2020,1.3
Jamaica,Total,2021,1.1
Jordan,Total,2010,0.2
Jordan,Male,2010,0.2
Jordan,Female,2010,0.1
Jordan,Total,2011,0.1
Jordan,Male,2011,0.1
Jordan,Female,2011,0.1
Jordan,Total,2012,0.1
Jordan,Male,2012,0.1
Jordan,Female,2012,0.1
Jordan,Total,2013,0.1
Jordan,Male,2013,0.1
Jordan,Female,2013,0.1
Jordan,Total,2014,0.1
Jordan,Male,2014,0.1
Jordan,Female,2014,0.1
Jordan,Total,2015,0.1
Jordan,Male,2015,0.1
Jordan,Female,2015,0.1
Jordan,Total,2016,0.1
Jordan,Male,2016,0.1
Jordan,Female,2016,0.1
Jordan,Total,2017,0.1
Jordan,Male,2017,0.1
Jordan,Female,2017,0.1
Jordan,Total,2018,0.1
Jordan,Male,2018,0.1
Jordan,Female,2018,0.1
Jordan,Total,2019,0.1
Jordan,Male,2019,0.1
Jordan,Female,2019,0.1
Jordan,Total,2020,0.1
Jordan,Total,2021,0.1
Kazakhstan,Total,2010,0.0
Kazakhstan,Male,2010,0.0
Kazakhstan,Female,2010,0.0
Kazakhstan,Total,2011,0.0
Kazakhstan,Male,2011,0.0
Kazakhstan,Female,2011,0.0
Kazakhstan,Total,2012,0.0
Kazakhstan,Male,2012,0.0
Kazakhstan,Female,2012,0.0
Kazakhstan,Total,2013,0.0
Kazakhstan,Male,2013,0.0
Kazakhstan,Female,2013,0.0
Kazakhstan,Total,2014,0.0
Kazakhstan,Male,2014,0.0
Kazakhstan,Female,2014,0.0
Kazakhstan,Total,2015,0.0
Kazakhstan,Male,2015,0.0
Kazakhstan,Female,2015,0.0
Kazakhstan,Total,2016,0.0
Kazakhstan,Male,2016,0.0
Kazakhstan,Female,2016,0.0
Kazakhstan,Total,2017,0.0
Kazakhstan,Male,2017,0.0
Kazakhstan,Female,2017,0.0
Kazakhstan,Total,2018,0.0
Kazakhstan,Male,2018,0.0
Kazakhstan,Female,2018,0.0
Kazakhstan,Total,2019,0.0
Kazakhstan,Male,2019,0.0
Kazakhstan,Female,2019,0.0
Kazakhstan,Total,2020,0.1
Kazakhstan,Total,2021,0.1
Kenya,Total,2010,36.1
Kenya,Male,2010,35.3
Kenya,Female,2010,37.0
Kenya,Total,2011,35.3
Kenya,Male,2011,34.5
Kenya,Female,2011,36.2
Kenya,Total,2012,34.6
Kenya,Male,2012,33.9
Kenya,Female,2012,35.5
Kenya,Total,2013,33.9
Kenya,Male,2013,33.1
Kenya,Female,2013,34.7
Kenya,Total,2014,33.2
Kenya,Male,2014,32.5
Kenya,Female,2014,33.9
Kenya,Total,2015,32.5
Kenya,Male,2015,31.8
Kenya,Female,2015,33.2
Kenya,Total,2016,31.4
Kenya,Male,2016,30.8
Kenya,Female,2016,32.1
Kenya,Total,2017,30.0
Kenya,Male,2017,29.5
Kenya,Female,2017,30.6
Kenya,Total,2018,28.0
Kenya,Male,2018,27.6
Kenya,Female,2018,28.4
Kenya,Total,2019,26.4
Kenya,Male,2019,26.0
Kenya,Female,2019,26.8
Kenya,Total,2020,27.5
Kenya,Total,2021,26.4
"Korea, Republic of",Total,2010,0.0
"Korea, Republic of",Male,2010,0.0
"Korea, Republic of",Female,2010,0.0
"Korea, Republic of",Total,2011,0.0
"Korea, Republic of",Male,2011,0.0
"Korea, Republic of",Female,2011,0.0
"Korea, Republic of",Total,2012,0.0
"Korea, Republic of",Male,2012,0.0
"Korea, Republic of",Female,2012,0.0
"Korea, Republic of",Total,2013,0.0
"Korea, Republic of",Male,2013,0.0
"Korea, Republic of",Female,2013,0.0
"Korea, Republic of",Total,2014,0.0
"Korea, Republic of",Male,2014,0.0
"Korea, Republic of",Female,2014,0.0
"Korea, Republic of",Total,2015,0.0
"Korea, Republic of",Male,2015,0.0
"Korea, Republic of",Female,2015,0.0
"Korea, Republic of",Total,2016,0.0
"Korea, Republic of",Male,2016,0.0
"Korea, Republic of",Female,2016,0.0
"Korea, Republic of",Total,2017,0.0
"Korea, Republic of",Male,2017,0.0
"Korea, Republic of",Female,2017,0.0
"Korea, Republic of",Total,2018,0.0
"Korea, Republic of",Male,2018,0.0
"Korea, Republic of",Female,2018,0.0
"Korea, Republic of",Total,2019,0.0
"Korea, Republic of",Male,2019,0.0
"Korea, Republic of",Female,2019,0.0
"Korea, Republic of",Total,2020,0.0
"Korea, Republic of",Total,2021,0.0
Kyrgyzstan,Total,2010,1.3
Kyrgyzstan,Male,2010,1.8
Kyrgyzstan,Female,2010,0.6
Kyrgyzstan,Total,2011,0.3
Kyrgyzstan,Male,2011,0.4
Kyrgyzstan,Female,2011,0.1
Kyrgyzstan,Total,2012,1.0
Kyrgyzstan,Male,2012,1.4
Kyrgyzstan,Female,2012,0.4
Kyrgyzstan,Total,2013,1.0
Kyrgyzstan,Male,2013,1.4
Kyrgyzstan,Female,2013,0.5
Kyrgyzstan,Total,2014,0.3
Kyrgyzstan,Male,2014,0.4
Kyrgyzstan,Female,2014,0.1
Kyrgyzstan,Total,2015,0.6
Kyrgyzstan,Male,2015,0.8
Kyrgyzstan,Female,2015,0.3
Kyrgyzstan,Total,2016,0.3
Kyrgyzstan,Male,2016,0.4
Kyrgyzstan,Female,2016,0.1
Kyrgyzstan,Total,2017,0.3
Kyrgyzstan,Male,2017,0.4
Kyrgyzstan,Female,2017,0.2
Kyrgyzstan,Total,2018,0.2
Kyrgyzstan,Male,2018,0.2
Kyrgyzstan,Female,2018,0.1
Kyrgyzstan,Total,2019,0.2
Kyrgyzstan,Male,2019,0.2
Kyrgyzstan,Female,2019,0.1
Kyrgyzstan,Total,2020,0.3
Kyrgyzstan,Total,2021,0.3
Lao People's Democratic Republic,Total,2010,18.0
Lao People's Democratic Republic,Male,2010,18.8
Lao People's Democratic Republic,Female,2010,17.3
Lao People's Democratic Republic,Total,2011,17.8
Lao People's Democratic Republic,Male,2011,18.6
Lao People's Democratic Republic,Female,2011,17.0
Lao People's Democratic Republic,Total,2012,15.0
Lao People's Democratic Republic,Male,2012,15.7
Lao People's Democratic Republic,Female,2012,14.3
Lao People's Democratic Republic,Total,2013,14.3
Lao People's Democratic Republic,Male,2013,15.0
Lao People's Democratic Republic,Female,2013,13.6
Lao People's Democratic Republic,Total,2014,13.5
Lao People's Democratic Republic,Male,2014,14.1
Lao People's Democratic Republic,Female,2014,12.8
Lao People's Democratic Republic,Total,2015,12.5
Lao People's Democratic Republic,Male,2015,13.2
Lao People's Democratic Republic,Female,2015,11.9
Lao People's Democratic Republic,Total,2016,11.9
Lao People's Democratic Republic,Male,2016,12.5
Lao People's Democratic Republic,Female,2016,11.2
Lao People's Democratic Republic,Total,2017,11.1
Lao People's Democratic Republic,Male,2017,11.7
Lao People's Democratic Republic,Female,2017,10.5
Lao People's Democratic Republic,Total,2018,10.5
Lao People's Democratic Republic,Male,2018,11.1
Lao People's Democratic Republic,Female,2018,9.8
Lao People's Democratic Republic,Total,2019,9.7
Lao People's Democratic Republic,Male,2019,10.3
Lao People's Democratic Republic,Female,2019,9.1
Lao People's Democratic Republic,Total,2020,10.0
Lao People's Democratic Republic,Total,2021,9.3
Lebanon,Total,2010,0.1
Lebanon,Male,2010,0.1
Lebanon,Female,2010,0.1
Lebanon,Total,2011,0.1
Lebanon,Male,2011,0.1
Lebanon,Female,2011,0.1
Lebanon,Total,2012,0.1
Lebanon,Male,2012,0.1
Lebanon,Female,2012,0.1
Lebanon,Total,2013,0.1
Lebanon,Male,2013,0.1
Lebanon,Female,2013,0.1
Lebanon,Total,2014,0.1
Lebanon,Male,2014,0.1
Lebanon,Female,2014,0.1
Lebanon,Total,2015,0.1
Lebanon,Male,2015,0.1
Lebanon,Female,2015,0.1
Lebanon,Total,2016,0.1
Lebanon,Male,2016,0.1
Lebanon,Female,2016,0.1
Lebanon,Total,2017,0.1
Lebanon,Male,2017,0.1
Lebanon,Female,2017,0.1
Lebanon,Total,2018,0.1
Lebanon,Male,2018,0.1
Lebanon,Female,2018,0.1
Lebanon,Total,2019,0.1
Lebanon,Male,2019,0.1
Lebanon,Female,2019,0.1
Lebanon,Total,2020,0.1
Lebanon,Total,2021,0.1
Lesotho,Total,2010,31.1
Lesotho,Male,2010,32.3
Lesotho,Female,2010,29.6
Lesotho,Total,2011,27.9
Lesotho,Male,2011,29.1
Lesotho,Female,2011,26.5
Lesotho,Total,2012,24.3
Lesotho,Male,2012,25.4
Lesotho,Female,2012,22.8
Lesotho,Total,2013,22.0
Lesotho,Male,2013,23.1
Lesotho,Female,2013,20.7
Lesotho,Total,2014,20.6
Lesotho,Male,2014,21.7
Lesotho,Female,2014,19.2
Lesotho,Total,2015,19.1
Lesotho,Male,2015,20.2
Lesotho,Female,2015,17.8
Lesotho,Total,2016,17.5
Lesotho,Male,2016,18.6
Lesotho,Female,2016,16.2
Lesotho,Total,2017,17.2
Lesotho,Male,2017,18.2
Lesotho,Female,2017,15.8
Lesotho,Total,2018,17.6
Lesotho,Male,2018,18.7
Lesotho,Female,2018,16.2
Lesotho,Total,2019,18.3
Lesotho,Male,2019,19.5
Lesotho,Female,2019,17.0
Lesotho,Total,2020,20.6
Lesotho,Total,2021,19.7
Liberia,Total,2010,62.5
Liberia,Male,2010,60.6
Liberia,Female,2010,64.7
Liberia,Total,2011,55.5
Liberia,Male,2011,53.4
Liberia,Female,2011,57.8
Liberia,Total,2012,47.3
Liberia,Male,2012,45.3
Liberia,Female,2012,49.5
Liberia,Total,2013,43.1
Liberia,Male,2013,41.2
Liberia,Female,2013,45.2
Liberia,Total,2014,41.8
Liberia,Male,2014,40.0
Liberia,Female,2014,43.8
Liberia,Total,2015,42.6
Liberia,Male,2015,40.7
Liberia,Female,2015,44.8
Liberia,Total,2016,44.4
Liberia,Male,2016,42.4
Liberia,Female,2016,46.6
Liberia,Total,2017,44.5
Liberia,Male,2017,42.5
Liberia,Female,2017,46.7
Liberia,Total,2018,45.1
Liberia,Male,2018,43.1
Liberia,Female,2018,47.3
Liberia,Total,2019,48.0
Liberia,Male,2019,46.1
Liberia,Female,2019,50.2
Liberia,Total,2020,51.2
Liberia,Total,2021,50.8
Madagascar,Total,2010,76.2
Madagascar,Male,2010,75.0
Madagascar,Female,2010,77.4
Madagascar,Total,2011,76.7
Madagascar,Male,2011,75.5
Madagascar,Female,2011,77.9
Madagascar,Total,2012,76.6
Madagascar,Male,2012,75.4
Madagascar,Female,2012,77.8
Madagascar,Total,2013,76.8
Madagascar,Male,2013,75.6
Madagascar,Female,2013,78.0
Madagascar,Total,2014,76.6
Madagascar,Male,2014,75.4
Madagascar,Female,2014,77.8
Madagascar,Total,2015,76.5
Madagascar,Male,2015,75.3
Madagascar,Female,2015,77.7
Madagascar,Total,2016,76.0
Madagascar,Male,2016,74.8
Madagascar,Female,2016,77.2
Madagascar,Total,2017,75.5
Madagascar,Male,2017,74.3
Madagascar,Female,2017,76.7
Madagascar,Total,2018,74.7
Madagascar,Male,2018,73.5
Madagascar,Female,2018,76.0
Madagascar,Total,2019,73.9
Madagascar,Male,2019,72.6
Madagascar,Female,2019,75.2
Madagascar,Total,2020,76.0
Madagascar,Total,2021,76.1
Malawi,Total,2010,67.8
Malawi,Male,2010,64.6
Malawi,Female,2010,71.2
Malawi,Total,2011,67.3
Malawi,Male,2011,64.1
Malawi,Female,2011,70.7
Malawi,Total,2012,68.5
Malawi,Male,2012,65.5
Malawi,Female,2012,71.9
Malawi,Total,2013,67.3
Malawi,Male,2013,64.2
Malawi,Female,2013,70.7
Malawi,Total,2014,65.1
Malawi,Male,2014,62.0
Malawi,Female,2014,68.6
Malawi,Total,2015,65.5
Malawi,Male,2015,62.4
Malawi,Female,2015,69.0
Malawi,Total,2016,66.2
Malawi,Male,2016,63.1
Malawi,Female,2016,69.5
Malawi,Total,2017,65.4
Malawi,Male,2017,62.2
Malawi,Female,2017,68.8
Malawi,Total,2018,65.0
Malawi,Male,2018,61.9
Malawi,Female,2018,68.5
Malawi,Total,2019,64.2
Malawi,Male,2019,61.0
Malawi,Female,2019,67.7
Malawi,Total,2020,65.0
Malawi,Total,2021,65.0
Malaysia,Total,2010,0.1
Malaysia,Male,2010,0.1
Malaysia,Female,2010,0.1
Malaysia,Total,2011,0.0
Malaysia,Male,2011,0.0
Malaysia,Female,2011,0.0
Malaysia,Total,2012,0.0
Malaysia,Male,2012,0.0
Malaysia,Female,2012,0.0
Malaysia,Total,2013,0.0
Malaysia,Male,2013,0.0
Malaysia,Female,2013,0.0
Malaysia,Total,2014,0.0
Malaysia,Male,2014,0.0
Malaysia,Female,2014,0.0
Malaysia,Total,2015,0.0
Malaysia,Male,2015,0.0
Malaysia,Female,2015,0.0
Malaysia,Total,2016,0.0
Malaysia,Male,2016,0.0
Malaysia,Female,2016,0.0
Malaysia,Total,2017,0.0
Malaysia,Male,2017,0.0
Malaysia,Female,2017,0.0
Malaysia,Total,2018,0.0
Malaysia,Male,2018,0.0
Malaysia,Female,2018,0.0
Malaysia,Total,2019,0.0
Malaysia,Male,2019,0.0
Malaysia,Female,2019,0.0
Malaysia,Total,2020,0.1
Malaysia,Total,2021,0.1
Maldives,Total,2010,0.5
Maldives,Male,2010,0.5
Maldives,Female,2010,0.6
Maldives,Total,2011,0.0
Maldives,Male,2011,0.0
Maldives,Female,2011,0.0
Maldives,Total,2012,0.1
Maldives,Male,2012,0.1
Maldives,Female,2012,0.1
Maldives,Total,2013,0.0
Maldives,Male,2013,0.0
Maldives,Female,2013,0.0
Maldives,Total,2014,0.0
Maldives,Male,2014,0.0
Maldives,Female,2014,0.0
Maldives,Total,2015,0.0
Maldives,Male,2015,0.0
Maldives,Female,2015,0.0
Maldives,Total,2016,0.1
Maldives,Male,2016,0.1
Maldives,Female,2016,0.1
Maldives,Total,2017,0.1
Maldives,Male,2017,0.1
Maldives,Female,2017,0.1
Maldives,Total,2018,0.1
Maldives,Male,2018,0.1
Maldives,Female,2018,0.1
Maldives,Total,2019,0.1
Maldives,Male,2019,0.1
Maldives,Female,2019,0.1
Maldives,Total,2020,0.1
Maldives,Total,2021,0.1
Mali,Total,2010,50.1
Mali,Male,2010,48.0
Mali,Female,2010,52.9
Mali,Total,2011,50.1
Mali,Male,2011,48.0
Mali,Female,2011,52.8
Mali,Total,2012,52.3
Mali,Male,2012,50.4
Mali,Female,2012,55.0
Mali,Total,2013,52.7
Mali,Male,2013,50.8
Mali,Female,2013,55.3
Mali,Total,2014,50.2
Mali,Male,2014,48.2
Mali,Female,2014,52.8
Mali,Total,2015,48.3
Mali,Male,2015,46.1
Mali,Female,2015,51.1
Mali,Total,2016,46.0
Mali,Male,2016,43.8
Mali,Female,2016,49.0
Mali,Total,2017,44.2
Mali,Male,2017,42.0
Mali,Female,2017,47.3
Mali,Total,2018,43.2
Mali,Male,2018,41.0
Mali,Female,2018,46.3
Mali,Total,2019,42.0
Mali,Male,2019,39.8
Mali,Female,2019,45.1
Mali,Total,2020,44.6
Mali,Total,2021,45.2
Mauritania,Total,2010,7.1
Mauritania,Male,2010,6.5
Mauritania,Female,2010,8.7
Mauritania,Total,2011,6.1
Mauritania,Male,2011,5.5
Mauritania,Female,2011,7.4
Mauritania,Total,2012,5.2
Mauritania,Male,2012,4.7
Mauritania,Female,2012,6.3
Mauritania,Total,2013,4.9
Mauritania,Male,2013,4.4
Mauritania,Female,2013,5.9
Mauritania,Total,2014,3.6
Mauritania,Male,2014,3.2
Mauritania,Female,2014,4.4
Mauritania,Total,2015,3.3
Mauritania,Male,2015,3.0
Mauritania,Female,2015,4.0
Mauritania,Total,2016,3.5
Mauritania,Male,2016,3.2
Mauritania,Female,2016,4.3
Mauritania,Total,2017,3.4
Mauritania,Male,2017,3.1
Mauritania,Female,2017,4.2
Mauritania,Total,2018,3.5
Mauritania,Male,2018,3.2
Mauritania,Female,2018,4.3
Mauritania,Total,2019,3.0
Mauritania,Male,2019,2.7
Mauritania,Female,2019,3.7
Mauritania,Total,2020,3.4
Mauritania,Total,2021,3.4
Mauritius,Total,2010,0.2
Mauritius,Male,2010,0.1
Mauritius,Female,2010,0.2
Mauritius,Total,2011,0.2
Mauritius,Male,2011,0.1
Mauritius,Female,2011,0.2
Mauritius,Total,2012,0.2
Mauritius,Male,2012,0.2
Mauritius,Female,2012,0.2
Mauritius,Total,2013,0.2
Mauritius,Male,2013,0.1
Mauritius,Female,2013,0.2
Mauritius,Total,2014,0.1
Mauritius,Male,2014,0.1
Mauritius,Female,2014,0.2
Mauritius,Total,2015,0.1
Mauritius,Male,2015,0.1
Mauritius,Female,2015,0.1
Mauritius,Total,2016,0.1
Mauritius,Male,2016,0.1
Mauritius,Female,2016,0.1
Mauritius,Total,2017,0.1
Mauritius,Male,2017,0.1
Mauritius,Female,2017,0.1
Mauritius,Total,2018,0.1
Mauritius,Male,2018,0.1
Mauritius,Female,2018,0.1
Mauritius,Total,2019,0.0
Mauritius,Male,2019,0.0
Mauritius,Female,2019,0.0
Mauritius,Total,2020,0.1
Mauritius,Total,2021,0.1
Mexico,Total,2010,3.1
Mexico,Male,2010,2.9
Mexico,Female,2010,3.4
Mexico,Total,2011,2.8
Mexico,Male,2011,2.6
Mexico,Female,2011,3.2
Mexico,Total,2012,2.6
Mexico,Male,2012,2.4
Mexico,Female,2012,2.9
Mexico,Total,2013,2.6
Mexico,Male,2013,2.4
Mexico,Female,2013,2.9
Mexico,Total,2014,2.5
Mexico,Male,2014,2.3
Mexico,Female,2014,2.8
Mexico,Total,2015,1.9
Mexico,Male,2015,1.8
Mexico,Female,2015,2.2
Mexico,Total,2016,1.2
Mexico,Male,2016,1.1
Mexico,Female,2016,1.4
Mexico,Total,2017,1.1
Mexico,Male,2017,1.0
Mexico,Female,2017,1.2
Mexico,Total,2018,0.9
Mexico,Male,2018,0.9
Mexico,Female,2018,1.1
Mexico,Total,2019,1.0
Mexico,Male,2019,0.9
Mexico,Female,2019,1.1
Mexico,Total,2020,1.0
Mexico,Total,2021,0.7
"Moldova, Republic of",Total,2010,0.2
"Moldova, Republic of",Male,2010,0.1
"Moldova, Republic of",Female,2010,0.3
"Moldova, Republic of",Total,2011,0.1
"Moldova, Republic of",Male,2011,0.0
"Moldova, Republic of",Female,2011,0.1
"Moldova, Republic of",Total,2012,0.1
"Moldova, Republic of",Male,2012,0.0
"Moldova, Republic of",Female,2012,0.2
"Moldova, Republic of",Total,2013,0.0
"Moldova, Republic of",Male,2013,0.0
"Moldova, Republic of",Female,2013,0.0
"Moldova, Republic of",Total,2014,0.1
"Moldova, Republic of",Male,2014,0.1
"Moldova, Republic of",Female,2014,0.2
"Moldova, Republic of",Total,2015,0.0
"Moldova, Republic of",Male,2015,0.0
"Moldova, Republic of",Female,2015,0.0
"Moldova, Republic of",Total,2016,0.1
"Moldova, Republic of",Male,2016,0.0
"Moldova, Republic of",Female,2016,0.1
"Moldova, Republic of",Total,2017,0.0
"Moldova, Republic of",Male,2017,0.0
"Moldova, Republic of",Female,2017,0.0
"Moldova, Republic of",Total,2018,0.0
"Moldova, Republic of",Male,2018,0.0
"Moldova, Republic of",Female,2018,0.0
"Moldova, Republic of",Total,2019,0.0
"Moldova, Republic of",Male,2019,0.0
"Moldova, Republic of",Female,2019,0.0
"Moldova, Republic of",Total,2020,0.1
"Moldova, Republic of",Total,2021,0.1
Mongolia,Total,2010,0.6
Mongolia,Male,2010,0.6
Mongolia,Female,2010,0.5
Mongolia,Total,2011,0.4
Mongolia,Male,2011,0.4
Mongolia,Female,2011,0.3
Mongolia,Total,2012,0.1
Mongolia,Male,2012,0.1
Mongolia,Female,2012,0.1
Mongolia,Total,2013,0.1
Mongolia,Male,2013,0.1
Mongolia,Female,2013,0.1
Mongolia,Total,2014,0.1
Mongolia,Male,2014,0.1
Mongolia,Female,2014,0.1
Mongolia,Total,2015,0.1
Mongolia,Male,2015,0.1
Mongolia,Female,2015,0.1
Mongolia,Total,2016,0.2
Mongolia,Male,2016,0.2
Mongolia,Female,2016,0.1
Mongolia,Total,2017,0.2
Mongolia,Male,2017,0.2
Mongolia,Female,2017,0.1
Mongolia,Total,2018,0.2
Mongolia,Male,2018,0.2
Mongolia,Female,2018,0.1
Mongolia,Total,2019,0.1
Mongolia,Male,2019,0.1
Mongolia,Female,2019,0.1
Mongolia,Total,2020,0.1
Mongolia,Total,2021,0.1
Montenegro,Total,2010,0.1
Montenegro,Male,2010,0.1
Montenegro,Female,2010,0.2
Montenegro,Total,2011,0.1
Montenegro,Male,2011,0.0
Montenegro,Female,2011,0.1
Montenegro,Total,2012,0.4
Montenegro,Male,2012,0.2
Montenegro,Female,2012,0.6
Montenegro,Total,2013,0.3
Montenegro,Male,2013,0.2
Montenegro,Female,2013,0.5
Montenegro,Total,2014,0.1
Montenegro,Male,2014,0.1
Montenegro,Female,2014,0.1
Montenegro,Total,2015,0.1
Montenegro,Male,2015,0.1
Montenegro,Female,2015,0.2
Montenegro,Total,2016,0.1
Montenegro,Male,2016,0.1
Montenegro,Female,2016,0.2
Montenegro,Total,2017,0.2
Montenegro,Male,2017,0.1
Montenegro,Female,2017,0.2
Montenegro,Total,2018,0.2
Montenegro,Male,2018,0.2
Montenegro,Female,2018,0.2
Montenegro,Total,2019,0.3
Montenegro,Male,2019,0.2
Montenegro,Female,2019,0.4
Montenegro,Total,2020,0.8
Montenegro,Total,2021,0.7
Morocco,Total,2010,1.4
Morocco,Male,2010,1.4
Morocco,Female,2010,1.5
Morocco,Total,2011,1.1
Morocco,Male,2011,1.1
Morocco,Female,2011,1.2
Morocco,Total,2012,0.9
Morocco,Male,2012,0.8
Morocco,Female,2012,0.9
Morocco,Total,2013,0.7
Morocco,Male,2013,0.7
Morocco,Female,2013,0.8
Morocco,Total,2014,0.6
Morocco,Male,2014,0.6
Morocco,Female,2014,0.8
Morocco,Total,2015,0.6
Morocco,Male,2015,0.5
Morocco,Female,2015,0.7
Morocco,Total,2016,0.4
Morocco,Male,2016,0.3
Morocco,Female,2016,0.5
Morocco,Total,2017,0.2
Morocco,Male,2017,0.2
Morocco,Female,2017,0.3
Morocco,Total,2018,0.2
Morocco,Male,2018,0.2
Morocco,Female,2018,0.3
Morocco,Total,2019,0.2
Morocco,Male,2019,0.2
Morocco,Female,2019,0.3
Morocco,Total,2020,0.2
Morocco,Total,2021,0.2
Mozambique,Total,2010,65.9
Mozambique,Male,2010,62.9
Mozambique,Female,2010,68.5
Mozambique,Total,2011,64.1
Mozambique,Male,2011,60.9
Mozambique,Female,2011,66.9
Mozambique,Total,2012,62.6
Mozambique,Male,2012,59.3
Mozambique,Female,2012,65.6
Mozambique,Total,2013,61.7
Mozambique,Male,2013,58.2
Mozambique,Female,2013,64.9
Mozambique,Total,2014,60.7
Mozambique,Male,2014,57.0
Mozambique,Female,2014,64.0
Mozambique,Total,2015,59.5
Mozambique,Male,2015,55.8
Mozambique,Female,2015,62.9
Mozambique,Total,2016,59.0
Mozambique,Male,2016,55.3
Mozambique,Female,2016,62.5
Mozambique,Total,2017,58.6
Mozambique,Male,2017,54.9
Mozambique,Female,2017,62.1
Mozambique,Total,2018,58.4
Mozambique,Male,2018,54.6
Mozambique,Female,2018,61.8
Mozambique,Total,2019,58.7
Mozambique,Male,2019,55.0
Mozambique,Female,2019,62.1
Mozambique,Total,2020,60.3
Mozambique,Total,2021,60.7
Myanmar,Total,2010,12.1
Myanmar,Male,2010,11.3
Myanmar,Female,2010,13.3
Myanmar,Total,2011,10.6
Myanmar,Male,2011,9.9
Myanmar,Female,2011,11.6
Myanmar,Total,2012,9.0
Myanmar,Male,2012,8.4
Myanmar,Female,2012,9.9
Myanmar,Total,2013,7.2
Myanmar,Male,2013,6.8
Myanmar,Female,2013,7.9
Myanmar,Total,2014,5.7
Myanmar,Male,2014,5.4
Myanmar,Female,2014,6.2
Myanmar,Total,2015,4.8
Myanmar,Male,2015,4.5
Myanmar,Female,2015,5.2
Myanmar,Total,2016,3.3
Myanmar,Male,2016,3.0
Myanmar,Female,2016,3.5
Myanmar,Total,2017,1.6
Myanmar,Male,2017,1.5
Myanmar,Female,2017,1.8
Myanmar,Total,2018,1.2
Myanmar,Male,2018,1.1
Myanmar,Female,2018,1.3
Myanmar,Total,2019,1.0
Myanmar,Male,2019,1.0
Myanmar,Female,2019,1.1
Myanmar,Total,2020,0.9
Myanmar,Total,2021,1.3
Namibia,Total,2010,15.3
Namibia,Male,2010,13.4
Namibia,Female,2010,17.5
Namibia,Total,2011,13.2
Namibia,Male,2011,11.6
Namibia,Female,2011,15.1
Namibia,Total,2012,12.0
Namibia,Male,2012,10.5
Namibia,Female,2012,13.6
Namibia,Total,2013,10.4
Namibia,Male,2013,9.2
Namibia,Female,2013,11.7
Namibia,Total,2014,9.1
Namibia,Male,2014,8.0
Namibia,Female,2014,10.2
Namibia,Total,2015,8.7
Namibia,Male,2015,7.6
Namibia,Female,2015,9.8
Namibia,Total,2016,8.7
Namibia,Male,2016,7.6
Namibia,Female,2016,9.9
Namibia,Total,2017,9.4
Namibia,Male,2017,8.3
Namibia,Female,2017,10.6
Namibia,Total,2018,10.0
Namibia,Male,2018,9.0
Namibia,Female,2018,11.1
Namibia,Total,2019,10.7
Namibia,Male,2019,9.5
Namibia,Female,2019,11.8
Namibia,Total,2020,12.5
Namibia,Total,2021,12.5
Nepal,Total,2010,13.0
Nepal,Male,2010,12.7
Nepal,Female,2010,13.3
Nepal,Total,2011,12.5
Nepal,Male,2011,12.3
Nepal,Female,2011,12.8
Nepal,Total,2012,7.1
Nepal,Male,2012,7.0
Nepal,Female,2012,7.2
Nepal,Total,2013,6.1
Nepal,Male,2013,6.0
Nepal,Female,2013,6.1
Nepal,Total,2014,5.3
Nepal,Male,2014,5.3
Nepal,Female,2014,5.3
Nepal,Total,2015,4.8
Nepal,Male,2015,4.8
Nepal,Female,2015,4.8
Nepal,Total,2016,5.2
Nepal,Male,2016,5.1
Nepal,Female,2016,5.2
Nepal,Total,2017,4.9
Nepal,Male,2017,4.8
Nepal,Female,2017,4.9
Nepal,Total,2018,4.5
Nepal,Male,2018,4.5
Nepal,Female,2018,4.5
Nepal,Total,2019,3.8
Nepal,Male,2019,3.8
Nepal,Female,2019,3.8
Nepal,Total,2020,3.9
Nepal,Total,2021,3.4
Nicaragua,Total,2010,4.9
Nicaragua,Male,2010,5.9
Nicaragua,Female,2010,3.0
Nicaragua,Total,2011,4.3
Nicaragua,Male,2011,5.3
Nicaragua,Female,2011,2.7
Nicaragua,Total,2012,3.6
Nicaragua,Male,2012,4.4
Nicaragua,Female,2012,2.2
Nicaragua,Total,2013,3.1
Nicaragua,Male,2013,3.8
Nicaragua,Female,2013,2.0
Nicaragua,Total,2014,2.3
Nicaragua,Male,2014,2.8
Nicaragua,Female,2014,1.4
Nicaragua,Total,2015,1.9
Nicaragua,Male,2015,2.3
Nicaragua,Female,2015,1.2
Nicaragua,Total,2016,1.5
Nicaragua,Male,2016,1.8
Nicaragua,Female,2016,1.0
Nicaragua,Total,2017,1.2
Nicaragua,Male,2017,1.5
Nicaragua,Female,2017,0.8
Nicaragua,Total,2018,1.8
Nicaragua,Male,2018,2.1
Nicaragua,Female,2018,1.2
Nicaragua,Total,2019,2.2
Nicaragua,Male,2019,2.6
Nicaragua,Female,2019,1.5
Nicaragua,Total,2020,2.5
Nicaragua,Total,2021,2.5
Niger,Total,2010,51.3
Niger,Male,2010,51.5
Niger,Female,2010,51.0
Niger,Total,2011,46.7
Niger,Male,2011,46.9
Niger,Female,2011,46.5
Niger,Total,2012,42.5
Niger,Male,2012,42.6
Niger,Female,2012,42.4
Niger,Total,2013,43.5
Niger,Male,2013,43.6
Niger,Female,2013,43.3
Niger,Total,2014,43.1
Niger,Male,2014,43.2
Niger,Female,2014,42.9
Niger,Total,2015,42.5
Niger,Male,2015,42.6
Niger,Female,2015,42.4
Niger,Total,2016,41.3
Niger,Male,2016,41.5
Niger,Female,2016,41.2
Niger,Total,2017,40.6
Niger,Male,2017,40.8
Niger,Female,2017,40.5
Niger,Total,2018,38.6
Niger,Male,2018,38.8
Niger,Female,2018,38.5
Niger,Total,2019,37.5
Niger,Male,2019,37.7
Niger,Female,2019,37.3
Niger,Total,2020,39.3
Niger,Total,2021,38.6
Nigeria,Total,2010,49.0
Nigeria,Male,2010,49.8
Nigeria,Female,2010,48.2
Nigeria,Total,2011,42.5
Nigeria,Male,2011,43.4
Nigeria,Female,2011,41.6
Nigeria,Total,2012,39.0
Nigeria,Male,2012,39.9
Nigeria,Female,2012,37.9
Nigeria,Total,2013,39.7
Nigeria,Male,2013,40.7
Nigeria,Female,2013,38.7
Nigeria,Total,2014,36.2
Nigeria,Male,2014,37.1
Nigeria,Female,2014,35.1
Nigeria,Total,2015,34.8
Nigeria,Male,2015,35.7
Nigeria,Female,2015,33.7
Nigeria,Total,2016,35.5
Nigeria,Male,2016,36.4
Nigeria,Female,2016,34.5
Nigeria,Total,2017,34.7
Nigeria,Male,2017,35.6
Nigeria,Female,2017,33.6
Nigeria,Total,2018,33.4
Nigeria,Male,2018,34.3
Nigeria,Female,2018,32.3
Nigeria,Total,2019,32.4
Nigeria,Male,2019,33.3
Nigeria,Female,2019,31.4
Nigeria,Total,2020,34.4
Nigeria,Total,2021,34.9
North Macedonia,Total,2010,6.5
North Macedonia,Male,2010,4.0
North Macedonia,Female,2010,10.4
North Macedonia,Total,2011,5.4
North Macedonia,Male,2011,3.2
North Macedonia,Female,2011,8.7
North Macedonia,Total,2012,3.5
North Macedonia,Male,2012,2.1
North Macedonia,Female,2012,5.8
North Macedonia,Total,2013,2.3
North Macedonia,Male,2013,1.4
North Macedonia,Female,2013,3.6
North Macedonia,Total,2014,1.7
North Macedonia,Male,2014,1.1
North Macedonia,Female,2014,2.6
North Macedonia,Total,2015,2.6
North Macedonia,Male,2015,1.7
North Macedonia,Female,2015,3.9
North Macedonia,Total,2016,1.6
North Macedonia,Male,2016,1.1
North Macedonia,Female,2016,2.3
North Macedonia,Total,2017,1.8
North Macedonia,Male,2017,1.3
North Macedonia,Female,2017,2.5
North Macedonia,Total,2018,1.0
North Macedonia,Male,2018,0.8
North Macedonia,Female,2018,1.4
North Macedonia,Total,2019,1.0
North Macedonia,Male,2019,0.8
North Macedonia,Female,2019,1.3
North Macedonia,Total,2020,1.0
North Macedonia,Total,2021,1.0
Occupied Palestinian Territory,Total,2010,0.1
Occupied Palestinian Territory,Male,2010,0.1
Occupied Palestinian Territory,Female,2010,0.1
Occupied Palestinian Territory,Total,2011,0.1
Occupied Palestinian Territory,Male,2011,0.1
Occupied Palestinian Territory,Female,2011,0.1
Occupied Palestinian Territory,Total,2012,0.1
Occupied Palestinian Territory,Male,2012,0.1
Occupied Palestinian Territory,Female,2012,0.1
Occupied Palestinian Territory,Total,2013,0.1
Occupied Palestinian Territory,Male,2013,0.1
Occupied Palestinian Territory,Female,2013,0.1
Occupied Palestinian Territory,Total,2014,0.2
Occupied Palestinian Territory,Male,2014,0.2
Occupied Palestinian Territory,Female,2014,0.2
Occupied Palestinian Territory,Total,2015,0.2
Occupied Palestinian Territory,Male,2015,0.2
Occupied Palestinian Territory,Female,2015,0.2
Occupied Palestinian Territory,Total,2016,0.2
Occupied Palestinian Territory,Male,2016,0.2
Occupied Palestinian Territory,Female,2016,0.2
Occupied Palestinian Territory,Total,2017,0.3
Occupied Palestinian Territory,Male,2017,0.3
Occupied Palestinian Territory,Female,2017,0.3
Occupied Palestinian Territory,Total,2018,0.3
Occupied Palestinian Territory,Male,2018,0.3
Occupied Palestinian Territory,Female,2018,0.3
Occupied Palestinian Territory,Total,2019,0.3
Occupied Palestinian Territory,Male,2019,0.3
Occupied Palestinian Territory,Female,2019,0.3
Occupied Palestinian Territory,Total,2020,0.4
Occupied Palestinian Territory,Total,2021,0.4
Pakistan,Total,2010,8.5
Pakistan,Male,2010,8.2
Pakistan,Female,2010,9.6
Pakistan,Total,2011,7.1
Pakistan,Male,2011,6.9
Pakistan,Female,2011,8.1
Pakistan,Total,2012,6.1
Pakistan,Male,2012,5.8
Pakistan,Female,2012,6.9
Pakistan,Total,2013,6.0
Pakistan,Male,2013,5.8
Pakistan,Female,2013,6.9
Pakistan,Total,2014,4.6
Pakistan,Male,2014,4.4
Pakistan,Female,2014,5.3
Pakistan,Total,2015,4.6
Pakistan,Male,2015,4.4
Pakistan,Female,2015,5.3
Pakistan,Total,2016,3.8
Pakistan,Male,2016,3.6
Pakistan,Female,2016,4.4
Pakistan,Total,2017,3.4
Pakistan,Male,2017,3.3
Pakistan,Female,2017,4.0
Pakistan,Total,2018,3.3
Pakistan,Male,2018,3.1
Pakistan,Female,2018,3.8
Pakistan,Total,2019,3.4
Pakistan,Male,2019,3.3
Pakistan,Female,2019,4.0
Pakistan,Total,2020,3.7
Pakistan,Total,2021,3.7
Panama,Total,2010,2.4
Panama,Male,2010,2.8
Panama,Female,2010,1.7
Panama,Total,2011,1.1
Panama,Male,2011,1.3
Panama,Female,2011,0.8
Panama,Total,2012,2.1
Panama,Male,2012,2.5
Panama,Female,2012,1.5
Panama,Total,2013,1.1
Panama,Male,2013,1.2
Panama,Female,2013,0.8
Panama,Total,2014,1.7
Panama,Male,2014,1.9
Panama,Female,2014,1.2
Panama,Total,2015,0.6
Panama,Male,2015,0.7
Panama,Female,2015,0.5
Panama,Total,2016,0.7
Panama,Male,2016,0.8
Panama,Female,2016,0.6
Panama,Total,2017,0.9
Panama,Male,2017,1.1
Panama,Female,2017,0.8
Panama,Total,2018,0.5
Panama,Male,2018,0.6
Panama,Female,2018,0.4
Panama,Total,2019,0.4
Panama,Male,2019,0.4
Panama,Female,2019,0.3
Panama,Total,2020,0.6
Panama,Total,2021,0.6
Papua New Guinea,Total,2010,33.7
Papua New Guinea,Male,2010,32.3
Papua New Guinea,Female,2010,35.2
Papua New Guinea,Total,2011,33.8
Papua New Guinea,Male,2011,32.4
Papua New Guinea,Female,2011,35.3
Papua New Guinea,Total,2012,33.0
Papua New Guinea,Male,2012,31.6
Papua New Guinea,Female,2012,34.4
Papua New Guinea,Total,2013,32.3
Papua New Guinea,Male,2013,31.0
Papua New Guinea,Female,2013,33.6
Papua New Guinea,Total,2014,27.4
Papua New Guinea,Male,2014,26.4
Papua New Guinea,Female,2014,28.4
Papua New Guinea,Total,2015,25.7
Papua New Guinea,Male,2015,24.8
Papua New Guinea,Female,2015,26.6
Papua New Guinea,Total,2016,24.0
Papua New Guinea,Male,2016,23.3
Papua New Guinea,Female,2016,24.8
Papua New Guinea,Total,2017,23.6
Papua New Guinea,Male,2017,22.9
Papua New Guinea,Female,2017,24.4
Papua New Guinea,Total,2018,24.3
Papua New Guinea,Male,2018,23.5
Papua New Guinea,Female,2018,25.1
Papua New Guinea,Total,2019,22.9
Papua New Guinea,Male,2019,22.2
Papua New Guinea,Female,2019,23.6
Papua New Guinea,Total,2020,24.8
Papua New Guinea,Total,2021,24.0
Paraguay,Total,2010,2.5
Paraguay,Male,2010,3.0
Paraguay,Female,2010,1.8
Paraguay,Total,2011,3.1
Paraguay,Male,2011,3.6
Paraguay,Female,2011,2.2
Paraguay,Total,2012,2.1
Paraguay,Male,2012,2.2
Paraguay,Female,2012,1.9
Paraguay,Total,2013,0.5
Paraguay,Male,2013,0.5
Paraguay,Female,2013,0.5
Paraguay,Total,2014,0.7
Paraguay,Male,2014,0.7
Paraguay,Female,2014,0.6
Paraguay,Total,2015,0.5
Paraguay,Male,2015,0.6
Paraguay,Female,2015,0.5
Paraguay,Total,2016,0.5
Paraguay,Male,2016,0.5
Paraguay,Female,2016,0.4
Paraguay,Total,2017,0.3
Paraguay,Male,2017,0.3
Paraguay,Female,2017,0.2
Paraguay,Total,2018,0.4
Paraguay,Male,2018,0.4
Paraguay,Female,2018,0.4
Paraguay,Total,2019,0.3
Paraguay,Male,2019,0.3
Paraguay,Female,2019,0.3
Paraguay,Total,2020,0.3
Paraguay,Total,2021,0.3
Peru,Total,2010,6.5
Peru,Male,2010,6.1
Peru,Female,2010,7.0
Peru,Total,2011,6.2
Peru,Male,2011,5.7
Peru,Female,2011,6.7
Peru,Total,2012,5.7
Peru,Male,2012,5.3
Peru,Female,2012,6.2
Peru,Total,2013,5.1
Peru,Male,2013,4.7
Peru,Female,2013,5.7
Peru,Total,2014,4.4
Peru,Male,2014,4.0
Peru,Female,2014,4.9
Peru,Total,2015,4.3
Peru,Male,2015,3.9
Peru,Female,2015,4.7
Peru,Total,2016,4.2
Peru,Male,2016,3.8
Peru,Female,2016,4.7
Peru,Total,2017,4.0
Peru,Male,2017,3.6
Peru,Female,2017,4.6
Peru,Total,2018,3.2
Peru,Male,2018,2.8
Peru,Female,2018,3.6
Peru,Total,2019,2.6
Peru,Male,2019,2.3
Peru,Female,2019,3.0
Peru,Total,2020,3.4
Peru,Total,2021,2.9
Philippines,Total,2010,8.9
Philippines,Male,2010,9.8
Philippines,Female,2010,7.5
Philippines,Total,2011,9.3
Philippines,Male,2011,10.2
Philippines,Female,2011,7.9
Philippines,Total,2012,8.5
Philippines,Male,2012,9.3
Philippines,Female,2012,7.2
Philippines,Total,2013,7.7
Philippines,Male,2013,8.5
Philippines,Female,2013,6.5
Philippines,Total,2014,6.6
Philippines,Male,2014,7.3
Philippines,Female,2014,5.5
Philippines,Total,2015,5.5
Philippines,Male,2015,6.1
Philippines,Female,2015,4.5
Philippines,Total,2016,4.4
Philippines,Male,2016,4.9
Philippines,Female,2016,3.7
Philippines,Total,2017,3.5
Philippines,Male,2017,3.8
Philippines,Female,2017,2.9
Philippines,Total,2018,2.7
Philippines,Male,2018,3.0
Philippines,Female,2018,2.2
Philippines,Total,2019,2.0
Philippines,Male,2019,2.2
Philippines,Female,2019,1.6
Philippines,Total,2020,3.4
Philippines,Total,2021,2.8
Russian Federation,Total,2010,0.0
Russian Federation,Male,2010,0.0
Russian Federation,Female,2010,0.0
Russian Federation,Total,2011,0.0
Russian Federation,Male,2011,0.0
Russian Federation,Female,2011,0.0
Russian Federation,Total,2012,0.0
Russian Federation,Male,2012,0.0
Russian Federation,Female,2012,0.0
Russian Federation,Total,2013,0.0
Russian Federation,Male,2013,0.0
Russian Federation,Female,2013,0.0
Russian Federation,Total,2014,0.0
Russian Federation,Male,2014,0.0
Russian Federation,Female,2014,0.0
Russian Federation,Total,2015,0.0
Russian Federation,Male,2015,0.0
Russian Federation,Female,2015,0.0
Russian Federation,Total,2016,0.0
Russian Federation,Male,2016,0.0
Russian Federation,Female,2016,0.0
Russian Federation,Total,2017,0.0
Russian Federation,Male,2017,0.0
Russian Federation,Female,2017,0.0
Russian Federation,Total,2018,0.0
Russian Federation,Male,2018,0.0
Russian Federation,Female,2018,0.0
Russian Federation,Total,2019,0.0
Russian Federation,Male,2019,0.0
Russian Federation,Female,2019,0.0
Russian Federation,Total,2020,0.0
Russian Federation,Total,2021,0.0
Rwanda,Total,2010,61.0
Rwanda,Male,2010,59.8
Rwanda,Female,2010,62.2
Rwanda,Total,2011,59.1
Rwanda,Male,2011,58.0
Rwanda,Female,2011,60.2
Rwanda,Total,2012,56.7
Rwanda,Male,2012,55.6
Rwanda,Female,2012,57.7
Rwanda,Total,2013,55.2
Rwanda,Male,2013,54.2
Rwanda,Female,2013,56.1
Rwanda,Total,2014,53.5
Rwanda,Male,2014,52.6
Rwanda,Female,2014,54.4
Rwanda,Total,2015,51.7
Rwanda,Male,2015,50.8
Rwanda,Female,2015,52.6
Rwanda,Total,2016,51.3
Rwanda,Male,2016,50.4
Rwanda,Female,2016,52.1
Rwanda,Total,2017,52.0
Rwanda,Male,2017,51.0
Rwanda,Female,2017,52.9
Rwanda,Total,2018,48.4
Rwanda,Male,2018,47.6
Rwanda,Female,2018,49.1
Rwanda,Total,2019,44.6
Rwanda,Male,2019,44.0
Rwanda,Female,2019,45.1
Rwanda,Total,2020,47.4
Rwanda,Total,2021,46.5
Senegal,Total,2010,38.8
Senegal,Male,2010,37.0
Senegal,Female,2010,42.1
Senegal,Total,2011,39.5
Senegal,Male,2011,37.7
Senegal,Female,2011,42.6
Senegal,Total,2012,38.8
Senegal,Male,2012,36.9
Senegal,Female,2012,41.9
Senegal,Total,2013,38.7
Senegal,Male,2013,36.8
Senegal,Female,2013,41.8
Senegal,Total,2014,37.1
Senegal,Male,2014,35.1
Senegal,Female,2014,40.2
Senegal,Total,2015,35.4
Senegal,Male,2015,33.4
Senegal,Female,2015,38.5
Senegal,Total,2016,33.5
Senegal,Male,2016,31.5
Senegal,Female,2016,36.6
Senegal,Total,2017,31.8
Senegal,Male,2017,29.7
Senegal,Female,2017,34.8
Senegal,Total,2018,30.1
Senegal,Male,2018,28.1
Senegal,Female,2018,33.1
Senegal,Total,2019,28.9
Senegal,Male,2019,26.9
Senegal,Female,2019,31.8
Senegal,Total,2020,30.2
Senegal,Total,2021,30.1
Serbia,Total,2010,0.0
Serbia,Male,2010,0.0
Serbia,Female,2010,0.0
Serbia,Total,2011,0.0
Serbia,Male,2011,0.0
Serbia,Female,2011,0.0
Serbia,Total,2012,0.1
Serbia,Male,2012,0.0
Serbia,Female,2012,0.1
Serbia,Total,2013,0.1
Serbia,Male,2013,0.1
Serbia,Female,2013,0.1
Serbia,Total,2014,0.0
Serbia,Male,2014,0.0
Serbia,Female,2014,0.0
Serbia,Total,2015,0.0
Serbia,Male,2015,0.0
Serbia,Female,2015,0.0
Serbia,Total,2016,0.0
Serbia,Male,2016,0.0
Serbia,Female,2016,0.0
Serbia,Total,2017,0.0
Serbia,Male,2017,0.0
Serbia,Female,2017,0.0
Serbia,Total,2018,0.0
Serbia,Male,2018,0.1
Serbia,Female,2018,0.0
Serbia,Total,2019,0.0
Serbia,Male,2019,0.1
Serbia,Female,2019,0.0
Serbia,Total,2020,0.1
Serbia,Total,2021,0.1
Sierra Leone,Total,2010,59.3
Sierra Leone,Male,2010,55.3
Sierra Leone,Female,2010,63.2
Sierra Leone,Total,2011,55.6
Sierra Leone,Male,2011,51.5
Sierra Leone,Female,2011,59.6
Sierra Leone,Total,2012,42.4
Sierra Leone,Male,2012,38.4
Sierra Leone,Female,2012,46.3
Sierra Leone,Total,2013,34.1
Sierra Leone,Male,2013,30.5
Sierra Leone,Female,2013,37.5
Sierra Leone,Total,2014,32.3
Sierra Leone,Male,2014,28.9
Sierra Leone,Female,2014,35.7
Sierra Leone,Total,2015,50.5
Sierra Leone,Male,2015,46.4
Sierra Leone,Female,2015,54.6
Sierra Leone,Total,2016,46.9
Sierra Leone,Male,2016,42.8
Sierra Leone,Female,2016,51.0
Sierra Leone,Total,2017,45.0
Sierra Leone,Male,2017,40.9
Sierra Leone,Female,2017,48.9
Sierra Leone,Total,2018,44.0
Sierra Leone,Male,2018,40.0
Sierra Leone,Female,2018,47.9
Sierra Leone,Total,2019,41.2
Sierra Leone,Male,2019,37.3
Sierra Leone,Female,2019,44.9
Sierra Leone,Total,2020,44.1
Sierra Leone,Total,2021,43.4
Solomon Islands,Total,2010,29.4
Solomon Islands,Male,2010,30.7
Solomon Islands,Female,2010,28.1
Solomon Islands,Total,2011,25.5
Solomon Islands,Male,2011,26.7
Solomon Islands,Female,2011,24.1
Solomon Islands,Total,2012,24.2
Solomon Islands,Male,2012,25.5
Solomon Islands,Female,2012,22.9
Solomon Islands,Total,2013,22.0
Solomon Islands,Male,2013,23.2
Solomon Islands,Female,2013,20.7
Solomon Islands,Total,2014,22.6
Solomon Islands,Male,2014,23.8
Solomon Islands,Female,2014,21.2
Solomon Islands,Total,2015,23.0
Solomon Islands,Male,2015,24.3
Solomon Islands,Female,2015,21.7
Solomon Islands,Total,2016,21.8
Solomon Islands,Male,2016,23.0
Solomon Islands,Female,2016,20.5
Solomon Islands,Total,2017,20.2
Solomon Islands,Male,2017,21.4
Solomon Islands,Female,2017,19.0
Solomon Islands,Total,2018,19.7
Solomon Islands,Male,2018,20.9
Solomon Islands,Female,2018,18.5
Solomon Islands,Total,2019,20.3
Solomon Islands,Male,2019,21.5
Solomon Islands,Female,2019,19.0
Solomon Islands,Total,2020,23.2
Solomon Islands,Total,2021,23.5
South Africa,Total,2010,6.1
South Africa,Male,2010,6.0
South Africa,Female,2010,6.3
South Africa,Total,2011,6.2
South Africa,Male,2011,6.1
South Africa,Female,2011,6.4
South Africa,Total,2012,6.4
South Africa,Male,2012,6.3
South Africa,Female,2012,6.6
South Africa,Total,2013,6.6
South Africa,Male,2013,6.5
South Africa,Female,2013,6.8
South Africa,Total,2014,6.8
South Africa,Male,2014,6.7
South Africa,Female,2014,7.0
South Africa,Total,2015,7.1
South Africa,Male,2015,6.9
South Africa,Female,2015,7.3
South Africa,Total,2016,7.2
South Africa,Male,2016,7.1
South Africa,Female,2016,7.4
South Africa,Total,2017,7.2
South Africa,Male,2017,7.1
South Africa,Female,2017,7.4
South Africa,Total,2018,7.3
South Africa,Male,2018,7.2
South Africa,Female,2018,7.5
South Africa,Total,2019,7.5
South Africa,Male,2019,7.3
South Africa,Female,2019,7.6
South Africa,Total,2020,8.2
South Africa,Total,2021,7.7
Sri Lanka,Total,2010,2.1
Sri Lanka,Male,2010,2.1
Sri Lanka,Female,2010,1.9
Sri Lanka,Total,2011,1.7
Sri Lanka,Male,2011,1.8
Sri Lanka,Female,2011,1.5
Sri Lanka,Total,2012,1.6
Sri Lanka,Male,2012,1.7
Sri Lanka,Female,2012,1.5
Sri Lanka,Total,2013,1.3
Sri Lanka,Male,2013,1.4
Sri Lanka,Female,2013,1.2
Sri Lanka,Total,2014,1.1
Sri Lanka,Male,2014,1.2
Sri Lanka,Female,2014,1.0
Sri Lanka,Total,2015,1.0
Sri Lanka,Male,2015,1.0
Sri Lanka,Female,2015,0.8
Sri Lanka,Total,2016,0.7
Sri Lanka,Male,2016,0.7
Sri Lanka,Female,2016,0.6
Sri Lanka,Total,2017,0.6
Sri Lanka,Male,2017,0.6
Sri Lanka,Female,2017,0.5
Sri Lanka,Total,2018,0.4
Sri Lanka,Male,2018,0.4
Sri Lanka,Female,2018,0.3
Sri Lanka,Total,2019,0.2
Sri Lanka,Male,2019,0.3
Sri Lanka,Female,2019,0.2
Sri Lanka,Total,2020,0.2
Sri Lanka,Total,2021,0.2
Sudan,Total,2010,13.9
Sudan,Male,2010,16.1
Sudan,Female,2010,7.6
Sudan,Total,2011,10.2
Sudan,Male,2011,11.7
Sudan,Female,2011,5.6
Sudan,Total,2012,8.2
Sudan,Male,2012,9.4
Sudan,Female,2012,4.4
Sudan,Total,2013,8.1
Sudan,Male,2013,9.3
Sudan,Female,2013,4.4
Sudan,Total,2014,8.6
Sudan,Male,2014,9.9
Sudan,Female,2014,4.7
Sudan,Total,2015,7.9
Sudan,Male,2015,9.1
Sudan,Female,2015,4.3
Sudan,Total,2016,7.2
Sudan,Male,2016,8.4
Sudan,Female,2016,4.0
Sudan,Total,2017,6.9
Sudan,Male,2017,7.9
Sudan,Female,2017,3.8
Sudan,Total,2018,8.0
Sudan,Male,2018,9.2
Sudan,Female,2018,4.6
Sudan,Total,2019,9.8
Sudan,Male,2019,11.2
Sudan,Female,2019,5.8
Sudan,Total,2020,11.4
Sudan,Total,2021,12.0
Suriname,Total,2010,13.4
Suriname,Male,2010,12.7
Suriname,Female,2010,14.6
Suriname,Total,2011,13.4
Suriname,Male,2011,12.6
Suriname,Female,2011,14.8
Suriname,Total,2012,12.6
Suriname,Male,2012,11.7
Suriname,Female,2012,14.0
Suriname,Total,2013,12.6
Suriname,Male,2013,11.9
Suriname,Female,2013,13.8
Suriname,Total,2014,12.7
Suriname,Male,2014,11.9
Suriname,Female,2014,13.8
Suriname,Total,2015,13.6
Suriname,Male,2015,12.7
Suriname,Female,2015,15.0
Suriname,Total,2016,14.0
Suriname,Male,2016,12.9
Suriname,Female,2016,15.8
Suriname,Total,2017,14.1
Suriname,Male,2017,12.9
Suriname,Female,2017,15.8
Suriname,Total,2018,14.1
Suriname,Male,2018,12.8
Suriname,Female,2018,15.9
Suriname,Total,2019,14.5
Suriname,Male,2019,13.2
Suriname,Female,2019,16.4
Suriname,Total,2020,16.4
Suriname,Total,2021,16.9
Syrian Arab Republic,Total,2010,0.1
Syrian Arab Republic,Male,2010,0.1
Syrian Arab Republic,Female,2010,0.0
Syrian Arab Republic,Total,2011,0.1
Syrian Arab Republic,Male,2011,0.1
Syrian Arab Republic,Female,2011,0.1
Syrian Arab Republic,Total,2012,0.4
Syrian Arab Republic,Male,2012,0.5
Syrian Arab Republic,Female,2012,0.2
Syrian Arab Republic,Total,2013,1.0
Syrian Arab Republic,Male,2013,1.0
Syrian Arab Republic,Female,2013,0.5
Syrian Arab Republic,Total,2014,2.7
Syrian Arab Republic,Male,2014,3.0
Syrian Arab Republic,Female,2014,1.3
Syrian Arab Republic,Total,2015,5.7
Syrian Arab Republic,Male,2015,6.2
Syrian Arab Republic,Female,2015,2.9
Syrian Arab Republic,Total,2016,10.0
Syrian Arab Republic,Male,2016,10.8
Syrian Arab Republic,Female,2016,5.5
Syrian Arab Republic,Total,2017,19.6
Syrian Arab Republic,Male,2017,21.0
Syrian Arab Republic,Female,2017,12.2
Syrian Arab Republic,Total,2018,26.4
Syrian Arab Republic,Male,2018,28.1
Syrian Arab Republic,Female,2018,18.0
Syrian Arab Republic,Total,2019,27.9
Syrian Arab Republic,Male,2019,29.5
Syrian Arab Republic,Female,2019,19.4
Syrian Arab Republic,Total,2020,32.5
Syrian Arab Republic,Total,2021,38.6
Tajikistan,Total,2010,3.8
Tajikistan,Male,2010,3.9
Tajikistan,Female,2010,3.8
Tajikistan,Total,2011,3.8
Tajikistan,Male,2011,3.8
Tajikistan,Female,2011,3.8
Tajikistan,Total,2012,3.9
Tajikistan,Male,2012,3.8
Tajikistan,Female,2012,4.0
Tajikistan,Total,2013,3.8
Tajikistan,Male,2013,3.7
Tajikistan,Female,2013,4.1
Tajikistan,Total,2014,3.8
Tajikistan,Male,2014,3.6
Tajikistan,Female,2014,4.2
Tajikistan,Total,2015,3.8
Tajikistan,Male,2015,3.6
Tajikistan,Female,2015,4.3
Tajikistan,Total,2016,3.2
Tajikistan,Male,2016,2.9
Tajikistan,Female,2016,3.7
Tajikistan,Total,2017,2.6
Tajikistan,Male,2017,2.3
Tajikistan,Female,2017,3.2
Tajikistan,Total,2018,2.1
Tajikistan,Male,2018,1.8
Tajikistan,Female,2018,2.7
Tajikistan,Total,2019,1.9
Tajikistan,Male,2019,1.6
Tajikistan,Female,2019,2.5
Tajikistan,Total,2020,1.7
Tajikistan,Total,2021,1.4
"Tanzania, United Republic of",Total,2010,56.3
"Tanzania, United Republic of",Male,2010,54.1
"Tanzania, United Republic of",Female,2010,58.7
"Tanzania, United Republic of",Total,2011,52.4
"Tanzania, United Republic of",Male,2011,50.2
"Tanzania, United Republic of",Female,2011,54.8
"Tanzania, United Republic of",Total,2012,51.4
"Tanzania, United Republic of",Male,2012,49.2
"Tanzania, United Republic of",Female,2012,53.7
"Tanzania, United Republic of",Total,2013,51.2
"Tanzania, United Republic of",Male,2013,48.9
"Tanzania, United Republic of",Female,2013,53.6
"Tanzania, United Republic of",Total,2014,51.1
"Tanzania, United Republic of",Male,2014,48.9
"Tanzania, United Republic of",Female,2014,53.6
"Tanzania, United Republic of",Total,2015,51.1
"Tanzania, United Republic of",Male,2015,48.8
"Tanzania, United Republic of",Female,2015,53.5
"Tanzania, United Republic of",Total,2016,50.6
"Tanzania, United Republic of",Male,2016,48.3
"Tanzania, United Republic of",Female,2016,53.0
"Tanzania, United Republic of",Total,2017,50.4
"Tanzania, United Republic of",Male,2017,48.2
"Tanzania, United Republic of",Female,2017,52.9
"Tanzania, United Republic of",Total,2018,50.4
"Tanzania, United Republic of",Male,2018,48.2
"Tanzania, United Republic of",Female,2018,52.9
"Tanzania, United Republic of",Total,2019,48.8
"Tanzania, United Republic of",Male,2019,46.7
"Tanzania, United Republic of",Female,2019,51.2
"Tanzania, United Republic of",Total,2020,49.2
"Tanzania, United Republic of",Total,2021,48.5
Thailand,Total,2010,0.1
Thailand,Male,2010,0.1
Thailand,Female,2010,0.1
Thailand,Total,2011,0.1
Thailand,Male,2011,0.1
Thailand,Female,2011,0.1
Thailand,Total,2012,0.1
Thailand,Male,2012,0.1
Thailand,Female,2012,0.1
Thailand,Total,2013,0.1
Thailand,Male,2013,0.1
Thailand,Female,2013,0.0
Thailand,Total,2014,0.0
Thailand,Male,2014,0.0
Thailand,Female,2014,0.0
Thailand,Total,2015,0.0
Thailand,Male,2015,0.0
Thailand,Female,2015,0.0
Thailand,Total,2016,0.0
Thailand,Male,2016,0.0
Thailand,Female,2016,0.0
Thailand,Total,2017,0.0
Thailand,Male,2017,0.0
Thailand,Female,2017,0.0
Thailand,Total,2018,0.0
Thailand,Male,2018,0.0
Thailand,Female,2018,0.0
Thailand,Total,2019,0.1
Thailand,Male,2019,0.1
Thailand,Female,2019,0.0
Thailand,Total,2020,0.1
Thailand,Total,2021,0.1
Timor-Leste,Total,2010,26.5
Timor-Leste,Male,2010,27.8
Timor-Leste,Female,2010,24.9
Timor-Leste,Total,2011,27.3
Timor-Leste,Male,2011,28.5
Timor-Leste,Female,2011,25.8
Timor-Leste,Total,2012,25.5
Timor-Leste,Male,2012,26.7
Timor-Leste,Female,2012,24.0
Timor-Leste,Total,2013,21.8
Timor-Leste,Male,2013,23.0
Timor-Leste,Female,2013,20.4
Timor-Leste,Total,2014,18.1
Timor-Leste,Male,2014,19.2
Timor-Leste,Female,2014,16.7
Timor-Leste,Total,2015,19.7
Timor-Leste,Male,2015,20.8
Timor-Leste,Female,2015,18.3
Timor-Leste,Total,2016,18.3
Timor-Leste,Male,2016,19.4
Timor-Leste,Female,2016,17.0
Timor-Leste,Total,2017,17.8
Timor-Leste,Male,2017,18.9
Timor-Leste,Female,2017,16.5
Timor-Leste,Total,2018,18.1
Timor-Leste,Male,2018,19.1
Timor-Leste,Female,2018,16.8
Timor-Leste,Total,2019,17.4
Timor-Leste,Male,2019,18.4
Timor-Leste,Female,2019,16.1
Timor-Leste,Total,2020,22.6
Timor-Leste,Total,2021,22.6
Togo,Total,2010,49.2
Togo,Male,2010,49.0
Togo,Female,2010,49.4
Togo,Total,2011,45.0
Togo,Male,2011,44.9
Togo,Female,2011,45.2
Togo,Total,2012,43.8
Togo,Male,2012,43.7
Togo,Female,2012,44.0
Togo,Total,2013,42.7
Togo,Male,2013,42.6
Togo,Female,2013,42.8
Togo,Total,2014,41.4
Togo,Male,2014,41.4
Togo,Female,2014,41.4
Togo,Total,2015,40.5
Togo,Male,2015,40.5
Togo,Female,2015,40.4
Togo,Total,2016,38.3
Togo,Male,2016,38.3
Togo,Female,2016,38.2
Togo,Total,2017,36.9
Togo,Male,2017,37.0
Togo,Female,2017,36.8
Togo,Total,2018,35.4
Togo,Male,2018,35.5
Togo,Female,2018,35.2
Togo,Total,2019,34.3
Togo,Male,2019,34.5
Togo,Female,2019,34.1
Togo,Total,2020,34.7
Togo,Total,2021,34.5
Trinidad and Tobago,Total,2010,0.1
Trinidad and Tobago,Male,2010,0.1
Trinidad and Tobago,Female,2010,0.1
Trinidad and Tobago,Total,2011,0.1
Trinidad and Tobago,Male,2011,0.1
Trinidad and Tobago,Female,2011,0.1
Trinidad and Tobago,Total,2012,0.1
Trinidad and Tobago,Male,2012,0.1
Trinidad and Tobago,Female,2012,0.1
Trinidad and Tobago,Total,2013,0.1
Trinidad and Tobago,Male,2013,0.1
Trinidad and Tobago,Female,2013,0.1
Trinidad and Tobago,Total,2014,0.1
Trinidad and Tobago,Male,2014,0.1
Trinidad and Tobago,Female,2014,0.1
Trinidad and Tobago,Total,2015,0.1
Trinidad and Tobago,Male,2015,0.1
Trinidad and Tobago,Female,2015,0.1
Trinidad and Tobago,Total,2016,0.1
Trinidad and Tobago,Male,2016,0.1
Trinidad and Tobago,Female,2016,0.1
Trinidad and Tobago,Total,2017,0.1
Trinidad and Tobago,Male,2017,0.1
Trinidad and Tobago,Female,2017,0.1
Trinidad and Tobago,Total,2018,0.1
Trinidad and Tobago,Male,2018,0.1
Trinidad and Tobago,Female,2018,0.1
Trinidad and Tobago,Total,2019,0.1
Trinidad and Tobago,Male,2019,0.1
Trinidad and Tobago,Female,2019,0.1
Trinidad and Tobago,Total,2020,0.1
Trinidad and Tobago,Total,2021,0.1
Tunisia,Total,2010,0.7
Tunisia,Male,2010,0.7
Tunisia,Female,2010,0.5
Tunisia,Total,2011,0.6
Tunisia,Male,2011,0.6
Tunisia,Female,2011,0.5
Tunisia,Total,2012,0.4
Tunisia,Male,2012,0.5
Tunisia,Female,2012,0.4
Tunisia,Total,2013,0.3
Tunisia,Male,2013,0.3
Tunisia,Female,2013,0.2
Tunisia,Total,2014,0.2
Tunisia,Male,2014,0.2
Tunisia,Female,2014,0.1
Tunisia,Total,2015,0.1
Tunisia,Male,2015,0.1
Tunisia,Female,2015,0.1
Tunisia,Total,2016,0.1
Tunisia,Male,2016,0.1
Tunisia,Female,2016,0.1
Tunisia,Total,2017,0.1
Tunisia,Male,2017,0.1
Tunisia,Female,2017,0.1
Tunisia,Total,2018,0.1
Tunisia,Male,2018,0.1
Tunisia,Female,2018,0.1
Tunisia,Total,2019,0.1
Tunisia,Male,2019,0.1
Tunisia,Female,2019,0.1
Tunisia,Total,2020,0.1
Tunisia,Total,2021,0.1
Turkey,Total,2010,0.2
Turkey,Male,2010,0.2
Turkey,Female,2010,0.3
Turkey,Total,2011,0.0
Turkey,Male,2011,0.0
Turkey,Female,2011,0.0
Turkey,Total,2012,0.0
Turkey,Male,2012,0.0
Turkey,Female,2012,0.0
Turkey,Total,2013,0.1
Turkey,Male,2013,0.1
Turkey,Female,2013,0.1
Turkey,Total,2014,0.1
Turkey,Male,2014,0.1
Turkey,Female,2014,0.1
Turkey,Total,2015,0.1
Turkey,Male,2015,0.1
Turkey,Female,2015,0.1
Turkey,Total,2016,0.1
Turkey,Male,2016,0.1
Turkey,Female,2016,0.1
Turkey,Total,2017,0.0
Turkey,Male,2017,0.0
Turkey,Female,2017,0.0
Turkey,Total,2018,0.0
Turkey,Male,2018,0.0
Turkey,Female,2018,0.0
Turkey,Total,2019,0.1
Turkey,Male,2019,0.1
Turkey,Female,2019,0.1
Turkey,Total,2020,0.1
Turkey,Total,2021,0.1
Turkmenistan,Total,2010,7.2
Turkmenistan,Male,2010,7.2
Turkmenistan,Female,2010,7.2
Turkmenistan,Total,2011,4.6
Turkmenistan,Male,2011,4.5
Turkmenistan,Female,2011,4.7
Turkmenistan,Total,2012,2.7
Turkmenistan,Male,2012,2.6
Turkmenistan,Female,2012,2.9
Turkmenistan,Total,2013,1.9
Turkmenistan,Male,2013,1.8
Turkmenistan,Female,2013,2.1
Turkmenistan,Total,2014,1.1
Turkmenistan,Male,2014,1.0
Turkmenistan,Female,2014,1.2
Turkmenistan,Total,2015,1.0
Turkmenistan,Male,2015,0.9
Turkmenistan,Female,2015,1.1
Turkmenistan,Total,2016,0.8
Turkmenistan,Male,2016,0.7
Turkmenistan,Female,2016,1.0
Turkmenistan,Total,2017,0.7
Turkmenistan,Male,2017,0.6
Turkmenistan,Female,2017,0.8
Turkmenistan,Total,2018,0.6
Turkmenistan,Male,2018,0.5
Turkmenistan,Female,2018,0.7
Turkmenistan,Total,2019,0.5
Turkmenistan,Male,2019,0.5
Turkmenistan,Female,2019,0.7
Turkmenistan,Total,2020,0.5
Turkmenistan,Total,2021,0.5
Uganda,Total,2010,40.0
Uganda,Male,2010,37.6
Uganda,Female,2010,42.5
Uganda,Total,2011,34.7
Uganda,Male,2011,32.5
Uganda,Female,2011,37.0
Uganda,Total,2012,33.0
Uganda,Male,2012,30.9
Uganda,Female,2012,35.2
Uganda,Total,2013,33.2
Uganda,Male,2013,31.2
Uganda,Female,2013,35.4
Uganda,Total,2014,34.2
Uganda,Male,2014,32.1
Uganda,Female,2014,36.4
Uganda,Total,2015,35.2
Uganda,Male,2015,33.1
Uganda,Female,2015,37.5
Uganda,Total,2016,36.5
Uganda,Male,2016,34.3
Uganda,Female,2016,38.8
Uganda,Total,2017,37.5
Uganda,Male,2017,35.3
Uganda,Female,2017,39.9
Uganda,Total,2018,36.1
Uganda,Male,2018,33.9
Uganda,Female,2018,38.3
Uganda,Total,2019,34.3
Uganda,Male,2019,32.3
Uganda,Female,2019,36.4
Uganda,Total,2020,34.4
Uganda,Total,2021,34.0
Ukraine,Total,2010,0.0
Ukraine,Male,2010,0.0
Ukraine,Female,2010,0.0
Ukraine,Total,2011,0.1
Ukraine,Male,2011,0.1
Ukraine,Female,2011,0.1
Ukraine,Total,2012,0.1
Ukraine,Male,2012,0.1
Ukraine,Female,2012,0.1
Ukraine,Total,2013,0.1
Ukraine,Male,2013,0.1
Ukraine,Female,2013,0.1
Ukraine,Total,2014,0.0
Ukraine,Male,2014,0.0
Ukraine,Female,2014,0.0
Ukraine,Total,2015,0.0
Ukraine,Male,2015,0.0
Ukraine,Female,2015,0.0
Ukraine,Total,2016,0.1
Ukraine,Male,2016,0.1
Ukraine,Female,2016,0.1
Ukraine,Total,2017,0.0
Ukraine,Male,2017,0.0
Ukraine,Female,2017,0.0
Ukraine,Total,2018,0.0
Ukraine,Male,2018,0.0
Ukraine,Female,2018,0.0
Ukraine,Total,2019,0.1
Ukraine,Male,2019,0.1
Ukraine,Female,2019,0.1
Ukraine,Total,2020,0.1
Ukraine,Total,2021,0.1
Uruguay,Total,2010,0.1
Uruguay,Male,2010,0.0
Uruguay,Female,2010,0.1
Uruguay,Total,2011,0.0
Uruguay,Male,2011,0.0
Uruguay,Female,2011,0.0
Uruguay,Total,2012,0.1
Uruguay,Male,2012,0.0
Uruguay,Female,2012,0.1
Uruguay,Total,2013,0.1
Uruguay,Male,2013,0.1
Uruguay,Female,2013,0.1
Uruguay,Total,2014,0.0
Uruguay,Male,2014,0.0
Uruguay,Female,2014,0.0
Uruguay,Total,2015,0.0
Uruguay,Male,2015,0.0
Uruguay,Female,2015,0.1
Uruguay,Total,2016,0.0
Uruguay,Male,2016,0.0
Uruguay,Female,2016,0.0
Uruguay,Total,2017,0.0
Uruguay,Male,2017,0.0
Uruguay,Female,2017,0.0
Uruguay,Total,2018,0.0
Uruguay,Male,2018,0.0
Uruguay,Female,2018,0.0
Uruguay,Total,2019,0.0
Uruguay,Male,2019,0.0
Uruguay,Female,2019,0.0
Uruguay,Total,2020,0.0
Uruguay,Total,2021,0.0
Uzbekistan,Total,2010,24.7
Uzbekistan,Male,2010,31.2
Uzbekistan,Female,2010,15.2
Uzbekistan,Total,2011,21.8
Uzbekistan,Male,2011,27.7
Uzbekistan,Female,2011,13.2
Uzbekistan,Total,2012,18.8
Uzbekistan,Male,2012,24.0
Uzbekistan,Female,2012,11.1
Uzbekistan,Total,2013,16.0
Uzbekistan,Male,2013,20.5
Uzbekistan,Female,2013,9.4
Uzbekistan,Total,2014,13.8
Uzbekistan,Male,2014,17.6
Uzbekistan,Female,2014,8.1
Uzbekistan,Total,2015,11.8
Uzbekistan,Male,2015,15.0
Uzbekistan,Female,2015,7.0
Uzbekistan,Total,2016,10.2
Uzbekistan,Male,2016,12.9
Uzbekistan,Female,2016,6.1
Uzbekistan,Total,2017,9.3
Uzbekistan,Male,2017,11.7
Uzbekistan,Female,2017,5.8
Uzbekistan,Total,2018,8.5
Uzbekistan,Male,2018,10.6
Uzbekistan,Female,2018,5.3
Uzbekistan,Total,2019,7.5
Uzbekistan,Male,2019,9.3
Uzbekistan,Female,2019,4.8
Uzbekistan,Total,2020,7.3
Uzbekistan,Total,2021,6.5
"Venezuela, Bolivarian Republic of",Total,2010,3.7
"Venezuela, Bolivarian Republic of",Male,2010,3.8
"Venezuela, Bolivarian Republic of",Female,2010,3.5
"Venezuela, Bolivarian Republic of",Total,2011,3.5
"Venezuela, Bolivarian Republic of",Male,2011,3.7
"Venezuela, Bolivarian Republic of",Female,2011,3.3
"Venezuela, Bolivarian Republic of",Total,2012,3.3
"Venezuela, Bolivarian Republic of",Male,2012,3.4
"Venezuela, Bolivarian Republic of",Female,2012,3.2
"Venezuela, Bolivarian Republic of",Total,2013,3.2
"Venezuela, Bolivarian Republic of",Male,2013,3.3
"Venezuela, Bolivarian Republic of",Female,2013,3.1
"Venezuela, Bolivarian Republic of",Total,2014,3.4
"Venezuela, Bolivarian Republic of",Male,2014,3.5
"Venezuela, Bolivarian Republic of",Female,2014,3.3
"Venezuela, Bolivarian Republic of",Total,2015,4.6
"Venezuela, Bolivarian Republic of",Male,2015,4.7
"Venezuela, Bolivarian Republic of",Female,2015,4.5
"Venezuela, Bolivarian Republic of",Total,2016,6.9
"Venezuela, Bolivarian Republic of",Male,2016,7.0
"Venezuela, Bolivarian Republic of",Female,2016,6.9
"Venezuela, Bolivarian Republic of",Total,2017,10.4
"Venezuela, Bolivarian Republic of",Male,2017,10.6
"Venezuela, Bolivarian Republic of",Female,2017,10.1
"Venezuela, Bolivarian Republic of",Total,2018,15.5
"Venezuela, Bolivarian Republic of",Male,2018,15.8
"Venezuela, Bolivarian Republic of",Female,2018,15.0
"Venezuela, Bolivarian Republic of",Total,2019,22.9
"Venezuela, Bolivarian Republic of",Male,2019,23.1
"Venezuela, Bolivarian Republic of",Female,2019,22.4
"Venezuela, Bolivarian Republic of",Total,2020,28.4
"Venezuela, Bolivarian Republic of",Total,2021,26.8
Viet Nam,Total,2010,4.7
Viet Nam,Male,2010,4.5
Viet Nam,Female,2010,4.9
Viet Nam,Total,2011,3.9
Viet Nam,Male,2011,3.8
Viet Nam,Female,2011,4.1
Viet Nam,Total,2012,3.2
Viet Nam,Male,2012,3.1
Viet Nam,Female,2012,3.3
Viet Nam,Total,2013,3.1
Viet Nam,Male,2013,3.0
Viet Nam,Female,2013,3.2
Viet Nam,Total,2014,3.1
Viet Nam,Male,2014,3.0
Viet Nam,Female,2014,3.2
Viet Nam,Total,2015,2.6
Viet Nam,Male,2015,2.5
Viet Nam,Female,2015,2.7
Viet Nam,Total,2016,2.1
Viet Nam,Male,2016,2.1
Viet Nam,Female,2016,2.2
Viet Nam,Total,2017,2.1
Viet Nam,Male,2017,2.0
Viet Nam,Female,2017,2.2
Viet Nam,Total,2018,2.1
Viet Nam,Male,2018,2.0
Viet Nam,Female,2018,2.2
Viet Nam,Total,2019,1.6
Viet Nam,Male,2019,1.5
Viet Nam,Female,2019,1.7
Viet Nam,Total,2020,1.4
Viet Nam,Total,2021,1.2
Yemen,Total,2010,5.2
Yemen,Male,2010,5.4
Yemen,Female,2010,3.7
Yemen,Total,2011,11.2
Yemen,Male,2011,11.6
Yemen,Female,2011,8.4
Yemen,Total,2012,11.8
Yemen,Male,2012,12.1
Yemen,Female,2012,8.9
Yemen,Total,2013,10.8
Yemen,Male,2013,11.0
Yemen,Female,2013,8.3
Yemen,Total,2014,12.8
Yemen,Male,2014,13.0
Yemen,Female,2014,10.2
Yemen,Total,2015,32.2
Yemen,Male,2015,32.4
Yemen,Female,2015,28.6
Yemen,Total,2016,40.2
Yemen,Male,2016,40.4
Yemen,Female,2016,37.0
Yemen,Total,2017,45.7
Yemen,Male,2017,45.9
Yemen,Female,2017,43.3
Yemen,Total,2018,46.9
Yemen,Male,2018,47.1
Yemen,Female,2018,44.7
Yemen,Total,2019,47.1
Yemen,Male,2019,47.2
Yemen,Female,2019,44.9
Yemen,Total,2020,53.7
Yemen,Total,2021,52.6
Zambia,Total,2010,62.2
Zambia,Male,2010,60.5
Zambia,Female,2010,64.0
Zambia,Total,2011,60.4
Zambia,Male,2011,58.7
Zambia,Female,2011,62.3
Zambia,Total,2012,57.6
Zambia,Male,2012,55.8
Zambia,Female,2012,59.5
Zambia,Total,2013,56.2
Zambia,Male,2013,54.4
Zambia,Female,2013,58.2
Zambia,Total,2014,55.3
Zambia,Male,2014,53.4
Zambia,Female,2014,57.3
Zambia,Total,2015,54.6
Zambia,Male,2015,52.7
Zambia,Female,2015,56.6
Zambia,Total,2016,54.2
Zambia,Male,2016,52.4
Zambia,Female,2016,56.3
Zambia,Total,2017,53.9
Zambia,Male,2017,52.1
Zambia,Female,2017,56.0
Zambia,Total,2018,53.8
Zambia,Male,2018,51.9
Zambia,Female,2018,55.8
Zambia,Total,2019,53.9
Zambia,Male,2019,52.0
Zambia,Female,2019,56.0
Zambia,Total,2020,55.6
Zambia,Total,2021,55.9
Zimbabwe,Total,2010,23.5
Zimbabwe,Male,2010,22.9
Zimbabwe,Female,2010,24.1
Zimbabwe,Total,2011,18.8
Zimbabwe,Male,2011,18.3
Zimbabwe,Female,2011,19.3
Zimbabwe,Total,2012,17.0
Zimbabwe,Male,2012,16.6
Zimbabwe,Female,2012,17.5
Zimbabwe,Total,2013,19.9
Zimbabwe,Male,2013,19.3
Zimbabwe,Female,2013,20.4
Zimbabwe,Total,2014,22.5
Zimbabwe,Male,2014,21.9
Zimbabwe,Female,2014,23.1
Zimbabwe,Total,2015,25.4
Zimbabwe,Male,2015,24.7
Zimbabwe,Female,2015,26.1
Zimbabwe,Total,2016,28.8
Zimbabwe,Male,2016,27.9
Zimbabwe,Female,2016,29.6
Zimbabwe,Total,2017,30.2
Zimbabwe,Male,2017,29.3
Zimbabwe,Female,2017,31.0
Zimbabwe,Total,2018,29.6
Zimbabwe,Male,2018,28.7
Zimbabwe,Female,2018,30.5
Zimbabwe,Total,2019,35.6
Zimbabwe,Male,2019,34.5
Zimbabwe,Female,2019,36.7
Zimbabwe,Total,2020,39.5
Zimbabwe,Total,2021,38.6
